Characteristic,Sex,Race/ethnicity,Age group,Year,Rate,Standard Error
Total,,,,1980,12.7,0.18
Total,,,,1981,13.8,0.18
Total,,,,1982,16.6,0.2
Total,,,,1983,16.1,0.2
Total,,,,1984,12.9,0.18
Total,,,,1985,12.4,0.18
Total,,,,1986,12.2,0.18
Total,,,,1987,11,0.17
Total,,,,1988,9.9,0.17
Total,,,,1989,9.9,0.17
Total,,,,1990,10.1,0.17
Total,,,,1991,12.3,0.19
Total,,,,1992,12.9,0.19
Total,,,,1993,12.2,0.19
Total,,,,1994,11.2,0.18
Total,,,,1995,10.6,0.18
Total,,,,1996,10.8,0.18
Total,,,,1997,10.1,0.17
Total,,,,1998,9.2,0.17
Total,,,,1999,8.8,0.16
Total,,,,2000,8.3,0.16
Total,,,,2001,9.5,0.16
Total,,,,2002,11,0.18
Total,,,,2003,11.4,0.18
Total,,,,2004,10.7,0.17
Total,,,,2005,10.2,0.17
Total,,,,2006,9.5,0.16
Total,,,,2007,9.5,0.16
Total,,,,2008,11.6,0.18
Total,,,,2009,16.6,0.21
Total,,,,2010,17.3,0.22
Total,,,,2011,16.3,0.21
Total,,,,2012,15.1,0.2
Total,,,,2013,14.4,0.2
Total,,,Ages 18-19,1980,16.2,0.35
Total,,,Ages 18-19,1981,18.4,0.38
Total,,,Ages 18-19,1982,22.1,0.41
Total,,,Ages 18-19,1983,21.1,0.41
Total,,,Ages 18-19,1984,17.4,0.39
Total,,,Ages 18-19,1985,17,0.39
Total,,,Ages 18-19,1986,17,0.39
Total,,,Ages 18-19,1987,15.2,0.38
Total,,,Ages 18-19,1988,13.8,0.36
Total,,,Ages 18-19,1989,13.6,0.35
Total,,,Ages 18-19,1990,14.1,0.36
Total,,,Ages 18-19,1991,17.2,0.4
Total,,,Ages 18-19,1992,18.2,0.42
Total,,,Ages 18-19,1993,17.5,0.41
Total,,,Ages 18-19,1994,16,0.4
Total,,,Ages 18-19,1995,15.3,0.38
Total,,,Ages 18-19,1996,15.2,0.38
Total,,,Ages 18-19,1997,14.5,0.37
Total,,,Ages 18-19,1998,12.8,0.34
Total,,,Ages 18-19,1999,12.4,0.33
Total,,,Ages 18-19,2000,11.6,0.32
Total,,,Ages 18-19,2001,13.1,0.35
Total,,,Ages 18-19,2002,15.1,0.37
Total,,,Ages 18-19,2003,16.4,0.4
Total,,,Ages 18-19,2004,15,0.38
Total,,,Ages 18-19,2005,14.9,0.38
Total,,,Ages 18-19,2006,14.1,0.38
Total,,,Ages 18-19,2007,14.5,0.38
Total,,,Ages 18-19,2008,16.8,0.41
Total,,,Ages 18-19,2009,23.4,0.47
Total,,,Ages 18-19,2010,24.2,0.51
Total,,,Ages 18-19,2011,22.9,0.48
Total,,,Ages 18-19,2012,22.3,0.48
Total,,,Ages 18-19,2013,21,0.47
Total,,,Ages 20-14,1980,11.5,0.2
Total,,,Ages 20-14,1981,12.3,0.2
Total,,,Ages 20-14,1982,14.9,0.22
Total,,,Ages 20-14,1983,14.5,0.22
Total,,,Ages 20-14,1984,11.5,0.2
Total,,,Ages 20-14,1985,11.1,0.2
Total,,,Ages 20-14,1986,10.7,0.19
Total,,,Ages 20-14,1987,9.7,0.19
Total,,,Ages 20-14,1988,8.7,0.18
Total,,,Ages 20-14,1989,8.6,0.18
Total,,,Ages 20-14,1990,8.8,0.18
Total,,,Ages 20-14,1991,10.8,0.2
Total,,,Ages 20-14,1992,11.4,0.21
Total,,,Ages 20-14,1993,10.5,0.2
Total,,,Ages 20-14,1994,9.7,0.19
Total,,,Ages 20-14,1995,9.1,0.19
Total,,,Ages 20-14,1996,9.3,0.2
Total,,,Ages 20-14,1997,8.5,0.19
Total,,,Ages 20-14,1998,7.9,0.18
Total,,,Ages 20-14,1999,7.5,0.17
Total,,,Ages 20-14,2000,7.2,0.17
Total,,,Ages 20-14,2001,8.3,0.18
Total,,,Ages 20-14,2002,9.7,0.19
Total,,,Ages 20-14,2003,10,0.19
Total,,,Ages 20-14,2004,9.4,0.19
Total,,,Ages 20-14,2005,8.8,0.18
Total,,,Ages 20-14,2006,8.2,0.17
Total,,,Ages 20-14,2007,8.2,0.17
Total,,,Ages 20-14,2008,10.2,0.19
Total,,,Ages 20-14,2009,14.7,0.23
Total,,,Ages 20-14,2010,15.5,0.23
Total,,,Ages 20-14,2011,14.6,0.22
Total,,,Ages 20-14,2012,13.3,0.21
Total,,,Ages 20-14,2013,12.8,0.21
Total - Male,Male,,,1980,13.6,0.24
Total - Male,Male,,,1981,14.6,0.25
Total - Male,Male,,,1982,18,0.28
Total - Male,Male,,,1983,17.4,0.27
Total - Male,Male,,,1984,13.4,0.25
Total - Male,Male,,,1985,12.9,0.25
Total - Male,Male,,,1986,12.5,0.25
Total - Male,Male,,,1987,11.3,0.24
Total - Male,Male,,,1988,10.3,0.23
Total - Male,Male,,,1989,10.2,0.23
Total - Male,Male,,,1990,10.5,0.23
Total - Male,Male,,,1991,13.2,0.26
Total - Male,Male,,,1992,13.9,0.26
Total - Male,Male,,,1993,13,0.26
Total - Male,Male,,,1994,11.9,0.25
Total - Male,Male,,,1995,11,0.24
Total - Male,Male,,,1996,11.2,0.25
Total - Male,Male,,,1997,10.5,0.24
Total - Male,Male,,,1998,9.6,0.23
Total - Male,Male,,,1999,9.1,0.22
Total - Male,Male,,,2000,8.5,0.21
Total - Male,Male,,,2001,10.2,0.23
Total - Male,Male,,,2002,11.7,0.24
Total - Male,Male,,,2003,12.3,0.25
Total - Male,Male,,,2004,11.4,0.24
Total - Male,Male,,,2005,11.1,0.24
Total - Male,Male,,,2006,10.2,0.23
Total - Male,Male,,,2007,10.5,0.23
Total - Male,Male,,,2008,13.1,0.25
Total - Male,Male,,,2009,19.2,0.3
Total - Male,Male,,,2010,19.7,0.31
Total - Male,Male,,,2011,17.8,0.29
Total - Male,Male,,,2012,16.4,0.28
Total - Male,Male,,,2013,15.9,0.28
Total - Male,Male,,Ages 18-19,1980,16.7,0.49
Total - Male,Male,,Ages 18-19,1981,18.8,0.52
Total - Male,Male,,Ages 18-19,1982,23.1,0.58
Total - Male,Male,,Ages 18-19,1983,22.2,0.57
Total - Male,Male,,Ages 18-19,1984,18.3,0.55
Total - Male,Male,,Ages 18-19,1985,17.9,0.55
Total - Male,Male,,Ages 18-19,1986,17.7,0.56
Total - Male,Male,,Ages 18-19,1987,16,0.54
Total - Male,Male,,Ages 18-19,1988,14.6,0.51
Total - Male,Male,,Ages 18-19,1989,14.2,0.5
Total - Male,Male,,Ages 18-19,1990,15,0.5
Total - Male,Male,,Ages 18-19,1991,18.5,0.57
Total - Male,Male,,Ages 18-19,1992,19.5,0.59
Total - Male,Male,,Ages 18-19,1993,18.8,0.58
Total - Male,Male,,Ages 18-19,1994,17.6,0.57
Total - Male,Male,,Ages 18-19,1995,16.5,0.54
Total - Male,Male,,Ages 18-19,1996,16.3,0.54
Total - Male,Male,,Ages 18-19,1997,15.4,0.52
Total - Male,Male,,Ages 18-19,1998,14.1,0.49
Total - Male,Male,,Ages 18-19,1999,13.1,0.47
Total - Male,Male,,Ages 18-19,2000,12.2,0.46
Total - Male,Male,,Ages 18-19,2001,14,0.49
Total - Male,Male,,Ages 18-19,2002,16.4,0.53
Total - Male,Male,,Ages 18-19,2003,18.4,0.59
Total - Male,Male,,Ages 18-19,2004,16.3,0.55
Total - Male,Male,,Ages 18-19,2005,16.5,0.56
Total - Male,Male,,Ages 18-19,2006,15.7,0.55
Total - Male,Male,,Ages 18-19,2007,16.5,0.57
Total - Male,Male,,Ages 18-19,2008,19,0.59
Total - Male,Male,,Ages 18-19,2009,27.4,0.69
Total - Male,Male,,Ages 18-19,2010,27.4,0.74
Total - Male,Male,,Ages 18-19,2011,26.3,0.7
Total - Male,Male,,Ages 18-19,2012,25,0.69
Total - Male,Male,,Ages 18-19,2013,23.7,0.69
Total - Male,Male,,Ages 20-14,1980,12.5,0.27
Total - Male,Male,,Ages 20-14,1981,13.2,0.28
Total - Male,Male,,Ages 20-14,1982,16.4,0.3
Total - Male,Male,,Ages 20-14,1983,15.9,0.3
Total - Male,Male,,Ages 20-14,1984,11.9,0.27
Total - Male,Male,,Ages 20-14,1985,11.4,0.27
Total - Male,Male,,Ages 20-14,1986,11,0.26
Total - Male,Male,,Ages 20-14,1987,9.9,0.26
Total - Male,Male,,Ages 20-14,1988,8.9,0.25
Total - Male,Male,,Ages 20-14,1989,8.8,0.25
Total - Male,Male,,Ages 20-14,1990,9.1,0.25
Total - Male,Male,,Ages 20-14,1991,11.6,0.28
Total - Male,Male,,Ages 20-14,1992,12.2,0.28
Total - Male,Male,,Ages 20-14,1993,11.3,0.28
Total - Male,Male,,Ages 20-14,1994,10.2,0.27
Total - Male,Male,,Ages 20-14,1995,9.2,0.26
Total - Male,Male,,Ages 20-14,1996,9.5,0.27
Total - Male,Male,,Ages 20-14,1997,8.9,0.26
Total - Male,Male,,Ages 20-14,1998,8.1,0.25
Total - Male,Male,,Ages 20-14,1999,7.7,0.24
Total - Male,Male,,Ages 20-14,2000,7.3,0.23
Total - Male,Male,,Ages 20-14,2001,9,0.25
Total - Male,Male,,Ages 20-14,2002,10.2,0.26
Total - Male,Male,,Ages 20-14,2003,10.6,0.26
Total - Male,Male,,Ages 20-14,2004,10.1,0.26
Total - Male,Male,,Ages 20-14,2005,9.6,0.25
Total - Male,Male,,Ages 20-14,2006,8.7,0.24
Total - Male,Male,,Ages 20-14,2007,8.9,0.24
Total - Male,Male,,Ages 20-14,2008,11.4,0.27
Total - Male,Male,,Ages 20-14,2009,17,0.32
Total - Male,Male,,Ages 20-14,2010,17.8,0.33
Total - Male,Male,,Ages 20-14,2011,15.7,0.31
Total - Male,Male,,Ages 20-14,2012,14.3,0.3
Total - Male,Male,,Ages 20-14,2013,14,0.29
Total - Female,Female,,,1980,11.8,0.2
Total - Female,Female,,,1981,12.9,0.2
Total - Female,Female,,,1982,15.1,0.22
Total - Female,Female,,,1983,14.6,0.21
Total - Female,Female,,,1984,12.3,0.2
Total - Female,Female,,,1985,11.9,0.19
Total - Female,Female,,,1986,11.7,0.19
Total - Female,Female,,,1987,10.6,0.19
Total - Female,Female,,,1988,9.6,0.18
Total - Female,Female,,,1989,9.5,0.19
Total - Female,Female,,,1990,9.7,0.18
Total - Female,Female,,,1991,11.3,0.2
Total - Female,Female,,,1992,11.8,0.2
Total - Female,Female,,,1993,11.2,0.2
Total - Female,Female,,,1994,10.4,0.19
Total - Female,Female,,,1995,10.3,0.2
Total - Female,Female,,,1996,10.3,0.2
Total - Female,Female,,,1997,9.6,0.2
Total - Female,Female,,,1998,8.8,0.18
Total - Female,Female,,,1999,8.4,0.18
Total - Female,Female,,,2000,8.1,0.17
Total - Female,Female,,,2001,8.7,0.18
Total - Female,Female,,,2002,10.3,0.19
Total - Female,Female,,,2003,10.4,0.19
Total - Female,Female,,,2004,9.8,0.18
Total - Female,Female,,,2005,9.1,0.18
Total - Female,Female,,,2006,8.7,0.17
Total - Female,Female,,,2007,8.5,0.17
Total - Female,Female,,,2008,10,0.18
Total - Female,Female,,,2009,13.9,0.21
Total - Female,Female,,,2010,14.6,0.22
Total - Female,Female,,,2011,14.6,0.2
Total - Female,Female,,,2012,13.6,0.2
Total - Female,Female,,,2013,12.8,0.19
Total - Female,Female,,Ages 18-19,1980,15.7,0.51
Total - Female,Female,,Ages 18-19,1981,17.9,0.54
Total - Female,Female,,Ages 18-19,1982,21,0.58
Total - Female,Female,,Ages 18-19,1983,19.9,0.58
Total - Female,Female,,Ages 18-19,1984,16.6,0.55
Total - Female,Female,,Ages 18-19,1985,15.9,0.55
Total - Female,Female,,Ages 18-19,1986,16.3,0.56
Total - Female,Female,,Ages 18-19,1987,14.3,0.53
Total - Female,Female,,Ages 18-19,1988,12.9,0.5
Total - Female,Female,,Ages 18-19,1989,13,0.5
Total - Female,Female,,Ages 18-19,1990,13.1,0.5
Total - Female,Female,,Ages 18-19,1991,15.8,0.56
Total - Female,Female,,Ages 18-19,1992,16.7,0.59
Total - Female,Female,,Ages 18-19,1993,16.1,0.57
Total - Female,Female,,Ages 18-19,1994,14.3,0.55
Total - Female,Female,,Ages 18-19,1995,14,0.53
Total - Female,Female,,Ages 18-19,1996,14,0.53
Total - Female,Female,,Ages 18-19,1997,13.6,0.51
Total - Female,Female,,Ages 18-19,1998,11.5,0.46
Total - Female,Female,,Ages 18-19,1999,11.6,0.46
Total - Female,Female,,Ages 18-19,2000,10.8,0.45
Total - Female,Female,,Ages 18-19,2001,12.2,0.48
Total - Female,Female,,Ages 18-19,2002,13.8,0.51
Total - Female,Female,,Ages 18-19,2003,14.2,0.54
Total - Female,Female,,Ages 18-19,2004,13.5,0.53
Total - Female,Female,,Ages 18-19,2005,13.1,0.52
Total - Female,Female,,Ages 18-19,2006,12.4,0.51
Total - Female,Female,,Ages 18-19,2007,12.5,0.52
Total - Female,Female,,Ages 18-19,2008,14.3,0.55
Total - Female,Female,,Ages 18-19,2009,19.4,0.62
Total - Female,Female,,Ages 18-19,2010,20.9,0.7
Total - Female,Female,,Ages 18-19,2011,19.3,0.65
Total - Female,Female,,Ages 18-19,2012,19.5,0.65
Total - Female,Female,,Ages 18-19,2013,18.2,0.64
Total - Female,Female,,Ages 20-14,1980,10.4,0.19
Total - Female,Female,,Ages 20-14,1981,11.2,0.2
Total - Female,Female,,Ages 20-14,1982,13.2,0.21
Total - Female,Female,,Ages 20-14,1983,12.9,0.2
Total - Female,Female,,Ages 20-14,1984,10.9,0.18
Total - Female,Female,,Ages 20-14,1985,10.7,0.18
Total - Female,Female,,Ages 20-14,1986,10.3,0.18
Total - Female,Female,,Ages 20-14,1987,9.4,0.17
Total - Female,Female,,Ages 20-14,1988,8.5,0.17
Total - Female,Female,,Ages 20-14,1989,8.3,0.18
Total - Female,Female,,Ages 20-14,1990,8.5,0.18
Total - Female,Female,,Ages 20-14,1991,9.8,0.19
Total - Female,Female,,Ages 20-14,1992,10.3,0.19
Total - Female,Female,,Ages 20-14,1993,9.7,0.19
Total - Female,Female,,Ages 20-14,1994,9.2,0.18
Total - Female,Female,,Ages 20-14,1995,9,0.19
Total - Female,Female,,Ages 20-14,1996,9,0.19
Total - Female,Female,,Ages 20-14,1997,8.1,0.19
Total - Female,Female,,Ages 20-14,1998,7.8,0.18
Total - Female,Female,,Ages 20-14,1999,7.2,0.18
Total - Female,Female,,Ages 20-14,2000,7.1,0.17
Total - Female,Female,,Ages 20-14,2001,7.5,0.17
Total - Female,Female,,Ages 20-14,2002,9.1,0.18
Total - Female,Female,,Ages 20-14,2003,9.3,0.17
Total - Female,Female,,Ages 20-14,2004,8.7,0.17
Total - Female,Female,,Ages 20-14,2005,7.9,0.16
Total - Female,Female,,Ages 20-14,2006,7.6,0.16
Total - Female,Female,,Ages 20-14,2007,7.3,0.16
Total - Female,Female,,Ages 20-14,2008,8.8,0.17
Total - Female,Female,,Ages 20-14,2009,12.3,0.19
Total - Female,Female,,Ages 20-14,2010,13,0.19
Total - Female,Female,,Ages 20-14,2011,13.4,0.18
Total - Female,Female,,Ages 20-14,2012,12.1,0.18
Total - Female,Female,,Ages 20-14,2013,11.5,0.17
"White, non-Hispanic",,"White, non-Hispanic",,1980,10.9,0.18
"White, non-Hispanic",,"White, non-Hispanic",,1981,11.8,0.18
"White, non-Hispanic",,"White, non-Hispanic",,1982,14.3,0.2
"White, non-Hispanic",,"White, non-Hispanic",,1983,13.5,0.2
"White, non-Hispanic",,"White, non-Hispanic",,1984,10.5,0.18
"White, non-Hispanic",,"White, non-Hispanic",,1985,10.3,0.18
"White, non-Hispanic",,"White, non-Hispanic",,1986,10,0.18
"White, non-Hispanic",,"White, non-Hispanic",,1987,9.1,0.17
"White, non-Hispanic",,"White, non-Hispanic",,1988,8.2,0.17
"White, non-Hispanic",,"White, non-Hispanic",,1989,8.2,0.17
"White, non-Hispanic",,"White, non-Hispanic",,1990,8.5,0.17
"White, non-Hispanic",,"White, non-Hispanic",,1991,10.6,0.19
"White, non-Hispanic",,"White, non-Hispanic",,1992,10.8,0.19
"White, non-Hispanic",,"White, non-Hispanic",,1993,10.1,0.19
"White, non-Hispanic",,"White, non-Hispanic",,1994,9.4,0.18
"White, non-Hispanic",,"White, non-Hispanic",,1995,8.9,0.18
"White, non-Hispanic",,"White, non-Hispanic",,1996,9,0.18
"White, non-Hispanic",,"White, non-Hispanic",,1997,8.2,0.17
"White, non-Hispanic",,"White, non-Hispanic",,1998,7.7,0.17
"White, non-Hispanic",,"White, non-Hispanic",,1999,7.4,0.16
"White, non-Hispanic",,"White, non-Hispanic",,2000,6.9,0.16
"White, non-Hispanic",,"White, non-Hispanic",,2001,8,0.17
"White, non-Hispanic",,"White, non-Hispanic",,2002,9.3,0.18
"White, non-Hispanic",,"White, non-Hispanic",,2003,9.6,0.18
"White, non-Hispanic",,"White, non-Hispanic",,2004,9.1,0.18
"White, non-Hispanic",,"White, non-Hispanic",,2005,8.5,0.17
"White, non-Hispanic",,"White, non-Hispanic",,2006,8,0.17
"White, non-Hispanic",,"White, non-Hispanic",,2007,8.3,0.17
"White, non-Hispanic",,"White, non-Hispanic",,2008,10.3,0.19
"White, non-Hispanic",,"White, non-Hispanic",,2009,14.8,0.22
"White, non-Hispanic",,"White, non-Hispanic",,2010,15.2,0.23
"White, non-Hispanic",,"White, non-Hispanic",,2011,14.3,0.22
"White, non-Hispanic",,"White, non-Hispanic",,2012,13.1,0.22
"White, non-Hispanic",,"White, non-Hispanic",,2013,12.4,0.21
"White, non-Hispanic",Male,"White, non-Hispanic",,1980,11.9,0.25
"White, non-Hispanic",Male,"White, non-Hispanic",,1981,12.8,0.26
"White, non-Hispanic",Male,"White, non-Hispanic",,1982,15.7,0.28
"White, non-Hispanic",Male,"White, non-Hispanic",,1983,14.9,0.28
"White, non-Hispanic",Male,"White, non-Hispanic",,1984,11,0.24
"White, non-Hispanic",Male,"White, non-Hispanic",,1985,10.9,0.25
"White, non-Hispanic",Male,"White, non-Hispanic",,1986,10.5,0.25
"White, non-Hispanic",Male,"White, non-Hispanic",,1987,9.7,0.24
"White, non-Hispanic",Male,"White, non-Hispanic",,1988,8.6,0.23
"White, non-Hispanic",Male,"White, non-Hispanic",,1989,8.7,0.23
"White, non-Hispanic",Male,"White, non-Hispanic",,1990,9,0.23
"White, non-Hispanic",Male,"White, non-Hispanic",,1991,11.6,0.26
"White, non-Hispanic",Male,"White, non-Hispanic",,1992,11.9,0.27
"White, non-Hispanic",Male,"White, non-Hispanic",,1993,11.1,0.26
"White, non-Hispanic",Male,"White, non-Hispanic",,1994,10.2,0.26
"White, non-Hispanic",Male,"White, non-Hispanic",,1995,9.4,0.25
"White, non-Hispanic",Male,"White, non-Hispanic",,1996,9.5,0.25
"White, non-Hispanic",Male,"White, non-Hispanic",,1997,8.7,0.24
"White, non-Hispanic",Male,"White, non-Hispanic",,1998,8.1,0.23
"White, non-Hispanic",Male,"White, non-Hispanic",,1999,7.6,0.22
"White, non-Hispanic",Male,"White, non-Hispanic",,2000,7.1,0.21
"White, non-Hispanic",Male,"White, non-Hispanic",,2001,8.7,0.23
"White, non-Hispanic",Male,"White, non-Hispanic",,2002,10,0.25
"White, non-Hispanic",Male,"White, non-Hispanic",,2003,10.7,0.26
"White, non-Hispanic",Male,"White, non-Hispanic",,2004,9.8,0.25
"White, non-Hispanic",Male,"White, non-Hispanic",,2005,9.3,0.24
"White, non-Hispanic",Male,"White, non-Hispanic",,2006,8.6,0.23
"White, non-Hispanic",Male,"White, non-Hispanic",,2007,9.2,0.24
"White, non-Hispanic",Male,"White, non-Hispanic",,2008,11.8,0.27
"White, non-Hispanic",Male,"White, non-Hispanic",,2009,17.3,0.32
"White, non-Hispanic",Male,"White, non-Hispanic",,2010,17.5,0.33
"White, non-Hispanic",Male,"White, non-Hispanic",,2011,15.8,0.31
"White, non-Hispanic",Male,"White, non-Hispanic",,2012,14.5,0.3
"White, non-Hispanic",Male,"White, non-Hispanic",,2013,13.6,0.3
"White, non-Hispanic",Male,"White, non-Hispanic",Ages 18-19,1980,14.5,0.5
"White, non-Hispanic",Male,"White, non-Hispanic",Ages 18-19,1981,16.4,0.53
"White, non-Hispanic",Male,"White, non-Hispanic",Ages 18-19,1982,20,0.59
"White, non-Hispanic",Male,"White, non-Hispanic",Ages 18-19,1983,18.7,0.58
"White, non-Hispanic",Male,"White, non-Hispanic",Ages 18-19,1984,15,0.54
"White, non-Hispanic",Male,"White, non-Hispanic",Ages 18-19,1985,14.7,0.55
"White, non-Hispanic",Male,"White, non-Hispanic",Ages 18-19,1986,14.7,0.56
"White, non-Hispanic",Male,"White, non-Hispanic",Ages 18-19,1987,13.6,0.54
"White, non-Hispanic",Male,"White, non-Hispanic",Ages 18-19,1988,12.4,0.51
"White, non-Hispanic",Male,"White, non-Hispanic",Ages 18-19,1989,12,0.5
"White, non-Hispanic",Male,"White, non-Hispanic",Ages 18-19,1990,13.2,0.52
"White, non-Hispanic",Male,"White, non-Hispanic",Ages 18-19,1991,16.3,0.59
"White, non-Hispanic",Male,"White, non-Hispanic",Ages 18-19,1992,16.5,0.6
"White, non-Hispanic",Male,"White, non-Hispanic",Ages 18-19,1993,16,0.6
"White, non-Hispanic",Male,"White, non-Hispanic",Ages 18-19,1994,14.6,0.57
"White, non-Hispanic",Male,"White, non-Hispanic",Ages 18-19,1995,13.8,0.55
"White, non-Hispanic",Male,"White, non-Hispanic",Ages 18-19,1996,13.5,0.54
"White, non-Hispanic",Male,"White, non-Hispanic",Ages 18-19,1997,12.9,0.52
"White, non-Hispanic",Male,"White, non-Hispanic",Ages 18-19,1998,12.1,0.5
"White, non-Hispanic",Male,"White, non-Hispanic",Ages 18-19,1999,10.8,0.47
"White, non-Hispanic",Male,"White, non-Hispanic",Ages 18-19,2000,10.4,0.46
"White, non-Hispanic",Male,"White, non-Hispanic",Ages 18-19,2001,11.7,0.5
"White, non-Hispanic",Male,"White, non-Hispanic",Ages 18-19,2002,14.2,0.55
"White, non-Hispanic",Male,"White, non-Hispanic",Ages 18-19,2003,16.2,0.61
"White, non-Hispanic",Male,"White, non-Hispanic",Ages 18-19,2004,14.2,0.57
"White, non-Hispanic",Male,"White, non-Hispanic",Ages 18-19,2005,14.2,0.58
"White, non-Hispanic",Male,"White, non-Hispanic",Ages 18-19,2006,13.3,0.56
"White, non-Hispanic",Male,"White, non-Hispanic",Ages 18-19,2007,14.8,0.6
"White, non-Hispanic",Male,"White, non-Hispanic",Ages 18-19,2008,17.3,0.63
"White, non-Hispanic",Male,"White, non-Hispanic",Ages 18-19,2009,24.9,0.74
"White, non-Hispanic",Male,"White, non-Hispanic",Ages 18-19,2010,24.8,0.8
"White, non-Hispanic",Male,"White, non-Hispanic",Ages 18-19,2011,23.5,0.75
"White, non-Hispanic",Male,"White, non-Hispanic",Ages 18-19,2012,22.7,0.75
"White, non-Hispanic",Male,"White, non-Hispanic",Ages 18-19,2013,20.6,0.74
"White, non-Hispanic",Male,"White, non-Hispanic",Ages 20-14,1980,11.1,0.28
"White, non-Hispanic",Male,"White, non-Hispanic",Ages 20-14,1981,11.6,0.28
"White, non-Hispanic",Male,"White, non-Hispanic",Ages 20-14,1982,14.3,0.31
"White, non-Hispanic",Male,"White, non-Hispanic",Ages 20-14,1983,13.8,0.31
"White, non-Hispanic",Male,"White, non-Hispanic",Ages 20-14,1984,9.8,0.26
"White, non-Hispanic",Male,"White, non-Hispanic",Ages 20-14,1985,9.7,0.27
"White, non-Hispanic",Male,"White, non-Hispanic",Ages 20-14,1986,9.2,0.26
"White, non-Hispanic",Male,"White, non-Hispanic",Ages 20-14,1987,8.5,0.26
"White, non-Hispanic",Male,"White, non-Hispanic",Ages 20-14,1988,7.4,0.25
"White, non-Hispanic",Male,"White, non-Hispanic",Ages 20-14,1989,7.5,0.25
"White, non-Hispanic",Male,"White, non-Hispanic",Ages 20-14,1990,7.6,0.25
"White, non-Hispanic",Male,"White, non-Hispanic",Ages 20-14,1991,10.2,0.28
"White, non-Hispanic",Male,"White, non-Hispanic",Ages 20-14,1992,10.5,0.29
"White, non-Hispanic",Male,"White, non-Hispanic",Ages 20-14,1993,9.6,0.28
"White, non-Hispanic",Male,"White, non-Hispanic",Ages 20-14,1994,8.8,0.27
"White, non-Hispanic",Male,"White, non-Hispanic",Ages 20-14,1995,7.9,0.26
"White, non-Hispanic",Male,"White, non-Hispanic",Ages 20-14,1996,8.1,0.27
"White, non-Hispanic",Male,"White, non-Hispanic",Ages 20-14,1997,7.3,0.26
"White, non-Hispanic",Male,"White, non-Hispanic",Ages 20-14,1998,6.7,0.25
"White, non-Hispanic",Male,"White, non-Hispanic",Ages 20-14,1999,6.5,0.24
"White, non-Hispanic",Male,"White, non-Hispanic",Ages 20-14,2000,5.9,0.23
"White, non-Hispanic",Male,"White, non-Hispanic",Ages 20-14,2001,7.8,0.26
"White, non-Hispanic",Male,"White, non-Hispanic",Ages 20-14,2002,8.7,0.27
"White, non-Hispanic",Male,"White, non-Hispanic",Ages 20-14,2003,9.1,0.27
"White, non-Hispanic",Male,"White, non-Hispanic",Ages 20-14,2004,8.5,0.26
"White, non-Hispanic",Male,"White, non-Hispanic",Ages 20-14,2005,8,0.26
"White, non-Hispanic",Male,"White, non-Hispanic",Ages 20-14,2006,7.3,0.24
"White, non-Hispanic",Male,"White, non-Hispanic",Ages 20-14,2007,7.6,0.25
"White, non-Hispanic",Male,"White, non-Hispanic",Ages 20-14,2008,10.2,0.29
"White, non-Hispanic",Male,"White, non-Hispanic",Ages 20-14,2009,15.3,0.35
"White, non-Hispanic",Male,"White, non-Hispanic",Ages 20-14,2010,15.7,0.35
"White, non-Hispanic",Male,"White, non-Hispanic",Ages 20-14,2011,13.9,0.33
"White, non-Hispanic",Male,"White, non-Hispanic",Ages 20-14,2012,12.5,0.32
"White, non-Hispanic",Male,"White, non-Hispanic",Ages 20-14,2013,11.9,0.31
"White, non-Hispanic",Female,"White, non-Hispanic",,1980,9.7,0.23
"White, non-Hispanic",Female,"White, non-Hispanic",,1981,10.7,0.24
"White, non-Hispanic",Female,"White, non-Hispanic",,1982,12.6,0.25
"White, non-Hispanic",Female,"White, non-Hispanic",,1983,11.8,0.25
"White, non-Hispanic",Female,"White, non-Hispanic",,1984,9.9,0.23
"White, non-Hispanic",Female,"White, non-Hispanic",,1985,9.6,0.23
"White, non-Hispanic",Female,"White, non-Hispanic",,1986,9.4,0.23
"White, non-Hispanic",Female,"White, non-Hispanic",,1987,8.5,0.22
"White, non-Hispanic",Female,"White, non-Hispanic",,1988,7.8,0.22
"White, non-Hispanic",Female,"White, non-Hispanic",,1989,7.6,0.22
"White, non-Hispanic",Female,"White, non-Hispanic",,1990,7.8,0.22
"White, non-Hispanic",Female,"White, non-Hispanic",,1991,9.4,0.24
"White, non-Hispanic",Female,"White, non-Hispanic",,1992,9.6,0.24
"White, non-Hispanic",Female,"White, non-Hispanic",,1993,9,0.24
"White, non-Hispanic",Female,"White, non-Hispanic",,1994,8.5,0.23
"White, non-Hispanic",Female,"White, non-Hispanic",,1995,8.4,0.24
"White, non-Hispanic",Female,"White, non-Hispanic",,1996,8.5,0.24
"White, non-Hispanic",Female,"White, non-Hispanic",,1997,7.7,0.23
"White, non-Hispanic",Female,"White, non-Hispanic",,1998,7.3,0.22
"White, non-Hispanic",Female,"White, non-Hispanic",,1999,7.1,0.21
"White, non-Hispanic",Female,"White, non-Hispanic",,2000,6.7,0.21
"White, non-Hispanic",Female,"White, non-Hispanic",,2001,7.1,0.21
"White, non-Hispanic",Female,"White, non-Hispanic",,2002,8.6,0.23
"White, non-Hispanic",Female,"White, non-Hispanic",,2003,8.5,0.23
"White, non-Hispanic",Female,"White, non-Hispanic",,2004,8.2,0.23
"White, non-Hispanic",Female,"White, non-Hispanic",,2005,7.5,0.22
"White, non-Hispanic",Female,"White, non-Hispanic",,2006,7.2,0.22
"White, non-Hispanic",Female,"White, non-Hispanic",,2007,7.3,0.22
"White, non-Hispanic",Female,"White, non-Hispanic",,2008,8.6,0.23
"White, non-Hispanic",Female,"White, non-Hispanic",,2009,11.9,0.27
"White, non-Hispanic",Female,"White, non-Hispanic",,2010,12.6,0.29
"White, non-Hispanic",Female,"White, non-Hispanic",,2011,12.5,0.28
"White, non-Hispanic",Female,"White, non-Hispanic",,2012,11.4,0.27
"White, non-Hispanic",Female,"White, non-Hispanic",,2013,11,0.27
"White, non-Hispanic",Female,"White, non-Hispanic",Ages 18-19,1980,13,0.5
"White, non-Hispanic",Female,"White, non-Hispanic",Ages 18-19,1981,15.3,0.54
"White, non-Hispanic",Female,"White, non-Hispanic",Ages 18-19,1982,17.6,0.58
"White, non-Hispanic",Female,"White, non-Hispanic",Ages 18-19,1983,16.4,0.57
"White, non-Hispanic",Female,"White, non-Hispanic",Ages 18-19,1984,13.6,0.54
"White, non-Hispanic",Female,"White, non-Hispanic",Ages 18-19,1985,13.1,0.54
"White, non-Hispanic",Female,"White, non-Hispanic",Ages 18-19,1986,13.6,0.56
"White, non-Hispanic",Female,"White, non-Hispanic",Ages 18-19,1987,11.7,0.52
"White, non-Hispanic",Female,"White, non-Hispanic",Ages 18-19,1988,10.8,0.5
"White, non-Hispanic",Female,"White, non-Hispanic",Ages 18-19,1989,10.1,0.48
"White, non-Hispanic",Female,"White, non-Hispanic",Ages 18-19,1990,10.9,0.5
"White, non-Hispanic",Female,"White, non-Hispanic",Ages 18-19,1991,13.3,0.57
"White, non-Hispanic",Female,"White, non-Hispanic",Ages 18-19,1992,13.7,0.59
"White, non-Hispanic",Female,"White, non-Hispanic",Ages 18-19,1993,12.6,0.57
"White, non-Hispanic",Female,"White, non-Hispanic",Ages 18-19,1994,11.8,0.55
"White, non-Hispanic",Female,"White, non-Hispanic",Ages 18-19,1995,11.2,0.53
"White, non-Hispanic",Female,"White, non-Hispanic",Ages 18-19,1996,11.7,0.54
"White, non-Hispanic",Female,"White, non-Hispanic",Ages 18-19,1997,11.1,0.52
"White, non-Hispanic",Female,"White, non-Hispanic",Ages 18-19,1998,9.9,0.48
"White, non-Hispanic",Female,"White, non-Hispanic",Ages 18-19,1999,9.6,0.47
"White, non-Hispanic",Female,"White, non-Hispanic",Ages 18-19,2000,9,0.46
"White, non-Hispanic",Female,"White, non-Hispanic",Ages 18-19,2001,10.2,0.49
"White, non-Hispanic",Female,"White, non-Hispanic",Ages 18-19,2002,12.1,0.53
"White, non-Hispanic",Female,"White, non-Hispanic",Ages 18-19,2003,11.5,0.55
"White, non-Hispanic",Female,"White, non-Hispanic",Ages 18-19,2004,11.9,0.56
"White, non-Hispanic",Female,"White, non-Hispanic",Ages 18-19,2005,11.1,0.54
"White, non-Hispanic",Female,"White, non-Hispanic",Ages 18-19,2006,10.2,0.53
"White, non-Hispanic",Female,"White, non-Hispanic",Ages 18-19,2007,10.6,0.54
"White, non-Hispanic",Female,"White, non-Hispanic",Ages 18-19,2008,12.2,0.57
"White, non-Hispanic",Female,"White, non-Hispanic",Ages 18-19,2009,17,0.65
"White, non-Hispanic",Female,"White, non-Hispanic",Ages 18-19,2010,18.1,0.74
"White, non-Hispanic",Female,"White, non-Hispanic",Ages 18-19,2011,16.7,0.68
"White, non-Hispanic",Female,"White, non-Hispanic",Ages 18-19,2012,16.7,0.69
"White, non-Hispanic",Female,"White, non-Hispanic",Ages 18-19,2013,16,0.69
"White, non-Hispanic",Female,"White, non-Hispanic",Ages 20-14,1980,8.5,0.25
"White, non-Hispanic",Female,"White, non-Hispanic",Ages 20-14,1981,9.1,0.26
"White, non-Hispanic",Female,"White, non-Hispanic",Ages 20-14,1982,11,0.28
"White, non-Hispanic",Female,"White, non-Hispanic",Ages 20-14,1983,10.3,0.27
"White, non-Hispanic",Female,"White, non-Hispanic",Ages 20-14,1984,8.8,0.25
"White, non-Hispanic",Female,"White, non-Hispanic",Ages 20-14,1985,8.5,0.25
"White, non-Hispanic",Female,"White, non-Hispanic",Ages 20-14,1986,8.1,0.25
"White, non-Hispanic",Female,"White, non-Hispanic",Ages 20-14,1987,7.4,0.24
"White, non-Hispanic",Female,"White, non-Hispanic",Ages 20-14,1988,6.7,0.23
"White, non-Hispanic",Female,"White, non-Hispanic",Ages 20-14,1989,6.8,0.24
"White, non-Hispanic",Female,"White, non-Hispanic",Ages 20-14,1990,6.8,0.24
"White, non-Hispanic",Female,"White, non-Hispanic",Ages 20-14,1991,8.1,0.26
"White, non-Hispanic",Female,"White, non-Hispanic",Ages 20-14,1992,8.3,0.26
"White, non-Hispanic",Female,"White, non-Hispanic",Ages 20-14,1993,7.9,0.26
"White, non-Hispanic",Female,"White, non-Hispanic",Ages 20-14,1994,7.4,0.25
"White, non-Hispanic",Female,"White, non-Hispanic",Ages 20-14,1995,7.4,0.26
"White, non-Hispanic",Female,"White, non-Hispanic",Ages 20-14,1996,7.4,0.26
"White, non-Hispanic",Female,"White, non-Hispanic",Ages 20-14,1997,6.4,0.24
"White, non-Hispanic",Female,"White, non-Hispanic",Ages 20-14,1998,6.3,0.24
"White, non-Hispanic",Female,"White, non-Hispanic",Ages 20-14,1999,6.1,0.23
"White, non-Hispanic",Female,"White, non-Hispanic",Ages 20-14,2000,5.8,0.23
"White, non-Hispanic",Female,"White, non-Hispanic",Ages 20-14,2001,6.1,0.23
"White, non-Hispanic",Female,"White, non-Hispanic",Ages 20-14,2002,7.4,0.25
"White, non-Hispanic",Female,"White, non-Hispanic",Ages 20-14,2003,7.6,0.25
"White, non-Hispanic",Female,"White, non-Hispanic",Ages 20-14,2004,7.1,0.24
"White, non-Hispanic",Female,"White, non-Hispanic",Ages 20-14,2005,6.4,0.23
"White, non-Hispanic",Female,"White, non-Hispanic",Ages 20-14,2006,6.3,0.23
"White, non-Hispanic",Female,"White, non-Hispanic",Ages 20-14,2007,6.2,0.23
"White, non-Hispanic",Female,"White, non-Hispanic",Ages 20-14,2008,7.5,0.25
"White, non-Hispanic",Female,"White, non-Hispanic",Ages 20-14,2009,10.4,0.29
"White, non-Hispanic",Female,"White, non-Hispanic",Ages 20-14,2010,11,0.3
"White, non-Hispanic",Female,"White, non-Hispanic",Ages 20-14,2011,11.4,0.3
"White, non-Hispanic",Female,"White, non-Hispanic",Ages 20-14,2012,10.1,0.29
"White, non-Hispanic",Female,"White, non-Hispanic",Ages 20-14,2013,9.7,0.28
"Black, non-Hispanic",,"Black, non-Hispanic",,1980,26.9,0.81
"Black, non-Hispanic",,"Black, non-Hispanic",,1981,29.5,0.83
"Black, non-Hispanic",,"Black, non-Hispanic",,1982,34.6,0.86
"Black, non-Hispanic",,"Black, non-Hispanic",,1983,35.3,0.86
"Black, non-Hispanic",,"Black, non-Hispanic",,1984,29.5,0.82
"Black, non-Hispanic",,"Black, non-Hispanic",,1985,27.8,0.81
"Black, non-Hispanic",,"Black, non-Hispanic",,1986,27.1,0.8
"Black, non-Hispanic",,"Black, non-Hispanic",,1987,24.1,0.78
"Black, non-Hispanic",,"Black, non-Hispanic",,1988,22.2,0.77
"Black, non-Hispanic",,"Black, non-Hispanic",,1989,21.4,0.75
"Black, non-Hispanic",,"Black, non-Hispanic",,1990,21.8,0.76
"Black, non-Hispanic",,"Black, non-Hispanic",,1991,24.5,0.81
"Black, non-Hispanic",,"Black, non-Hispanic",,1992,26.9,0.83
"Black, non-Hispanic",,"Black, non-Hispanic",,1993,25.7,0.81
"Black, non-Hispanic",,"Black, non-Hispanic",,1994,22.8,0.78
"Black, non-Hispanic",,"Black, non-Hispanic",,1995,21.4,0.76
"Black, non-Hispanic",,"Black, non-Hispanic",,1996,22,0.77
"Black, non-Hispanic",,"Black, non-Hispanic",,1997,21.4,0.75
"Black, non-Hispanic",,"Black, non-Hispanic",,1998,18.7,0.7
"Black, non-Hispanic",,"Black, non-Hispanic",,1999,17.5,0.68
"Black, non-Hispanic",,"Black, non-Hispanic",,2000,16.9,0.67
"Black, non-Hispanic",,"Black, non-Hispanic",,2001,19,0.71
"Black, non-Hispanic",,"Black, non-Hispanic",,2002,21,0.73
"Black, non-Hispanic",,"Black, non-Hispanic",,2003,22.6,0.77
"Black, non-Hispanic",,"Black, non-Hispanic",,2004,20.3,0.73
"Black, non-Hispanic",,"Black, non-Hispanic",,2005,20.5,0.72
"Black, non-Hispanic",,"Black, non-Hispanic",,2006,18.7,0.69
"Black, non-Hispanic",,"Black, non-Hispanic",,2007,17.7,0.68
"Black, non-Hispanic",,"Black, non-Hispanic",,2008,20.1,0.71
"Black, non-Hispanic",,"Black, non-Hispanic",,2009,27.5,0.8
"Black, non-Hispanic",,"Black, non-Hispanic",,2010,28.8,0.81
"Black, non-Hispanic",,"Black, non-Hispanic",,2011,27.7,0.79
"Black, non-Hispanic",,"Black, non-Hispanic",,2012,25.4,0.75
"Black, non-Hispanic",,"Black, non-Hispanic",,2013,25.1,0.74
"Black, non-Hispanic",Male,"Black, non-Hispanic",,1980,26.8,1.03
"Black, non-Hispanic",Male,"Black, non-Hispanic",,1981,29.4,1.06
"Black, non-Hispanic",Male,"Black, non-Hispanic",,1982,35.2,1.1
"Black, non-Hispanic",Male,"Black, non-Hispanic",,1983,35.1,1.08
"Black, non-Hispanic",Male,"Black, non-Hispanic",,1984,30.1,1.03
"Black, non-Hispanic",Male,"Black, non-Hispanic",,1985,27.6,1.03
"Black, non-Hispanic",Male,"Black, non-Hispanic",,1986,26.9,1.02
"Black, non-Hispanic",Male,"Black, non-Hispanic",,1987,23,0.99
"Black, non-Hispanic",Male,"Black, non-Hispanic",,1988,22.3,0.98
"Black, non-Hispanic",Male,"Black, non-Hispanic",,1989,20.9,0.96
"Black, non-Hispanic",Male,"Black, non-Hispanic",,1990,22.1,0.99
"Black, non-Hispanic",Male,"Black, non-Hispanic",,1991,25.3,1.04
"Black, non-Hispanic",Male,"Black, non-Hispanic",,1992,28,1.07
"Black, non-Hispanic",Male,"Black, non-Hispanic",,1993,26.6,1.07
"Black, non-Hispanic",Male,"Black, non-Hispanic",,1994,23.3,1.01
"Black, non-Hispanic",Male,"Black, non-Hispanic",,1995,21.9,1
"Black, non-Hispanic",Male,"Black, non-Hispanic",,1996,23,1.02
"Black, non-Hispanic",Male,"Black, non-Hispanic",,1997,23.4,1.04
"Black, non-Hispanic",Male,"Black, non-Hispanic",,1998,20.7,0.98
"Black, non-Hispanic",Male,"Black, non-Hispanic",,1999,19.5,0.96
"Black, non-Hispanic",Male,"Black, non-Hispanic",,2000,18.6,0.93
"Black, non-Hispanic",Male,"Black, non-Hispanic",,2001,20.7,0.98
"Black, non-Hispanic",Male,"Black, non-Hispanic",,2002,22.1,0.98
"Black, non-Hispanic",Male,"Black, non-Hispanic",,2003,24,1.03
"Black, non-Hispanic",Male,"Black, non-Hispanic",,2004,22.7,1
"Black, non-Hispanic",Male,"Black, non-Hispanic",,2005,22.8,0.99
"Black, non-Hispanic",Male,"Black, non-Hispanic",,2006,20.2,0.93
"Black, non-Hispanic",Male,"Black, non-Hispanic",,2007,19.6,0.92
"Black, non-Hispanic",Male,"Black, non-Hispanic",,2008,22,0.96
"Black, non-Hispanic",Male,"Black, non-Hispanic",,2009,31,1.09
"Black, non-Hispanic",Male,"Black, non-Hispanic",,2010,32.6,1.09
"Black, non-Hispanic",Male,"Black, non-Hispanic",,2011,30.3,1.06
"Black, non-Hispanic",Male,"Black, non-Hispanic",,2012,28,1.02
"Black, non-Hispanic",Male,"Black, non-Hispanic",,2013,28.1,1
"Black, non-Hispanic",Male,"Black, non-Hispanic",Ages 18-19,1980,36.2,1.85
"Black, non-Hispanic",Male,"Black, non-Hispanic",Ages 18-19,1981,39.2,1.89
"Black, non-Hispanic",Male,"Black, non-Hispanic",Ages 18-19,1982,47,1.91
"Black, non-Hispanic",Male,"Black, non-Hispanic",Ages 18-19,1983,47.3,1.91
"Black, non-Hispanic",Male,"Black, non-Hispanic",Ages 18-19,1984,42.1,1.89
"Black, non-Hispanic",Male,"Black, non-Hispanic",Ages 18-19,1985,40,1.85
"Black, non-Hispanic",Male,"Black, non-Hispanic",Ages 18-19,1986,38.1,1.88
"Black, non-Hispanic",Male,"Black, non-Hispanic",Ages 18-19,1987,31.7,1.83
"Black, non-Hispanic",Male,"Black, non-Hispanic",Ages 18-19,1988,31.8,1.84
"Black, non-Hispanic",Male,"Black, non-Hispanic",Ages 18-19,1989,30.2,1.79
"Black, non-Hispanic",Male,"Black, non-Hispanic",Ages 18-19,1990,28.2,1.77
"Black, non-Hispanic",Male,"Black, non-Hispanic",Ages 18-19,1991,35,1.96
"Black, non-Hispanic",Male,"Black, non-Hispanic",Ages 18-19,1992,38.9,1.93
"Black, non-Hispanic",Male,"Black, non-Hispanic",Ages 18-19,1993,38.5,1.96
"Black, non-Hispanic",Male,"Black, non-Hispanic",Ages 18-19,1994,36.5,1.96
"Black, non-Hispanic",Male,"Black, non-Hispanic",Ages 18-19,1995,35.3,1.93
"Black, non-Hispanic",Male,"Black, non-Hispanic",Ages 18-19,1996,34.8,1.9
"Black, non-Hispanic",Male,"Black, non-Hispanic",Ages 18-19,1997,34.6,1.94
"Black, non-Hispanic",Male,"Black, non-Hispanic",Ages 18-19,1998,28,1.7
"Black, non-Hispanic",Male,"Black, non-Hispanic",Ages 18-19,1999,29.2,1.77
"Black, non-Hispanic",Male,"Black, non-Hispanic",Ages 18-19,2000,24.9,1.71
"Black, non-Hispanic",Male,"Black, non-Hispanic",Ages 18-19,2001,30.2,1.82
"Black, non-Hispanic",Male,"Black, non-Hispanic",Ages 18-19,2002,28.6,1.74
"Black, non-Hispanic",Male,"Black, non-Hispanic",Ages 18-19,2003,36.4,2.11
"Black, non-Hispanic",Male,"Black, non-Hispanic",Ages 18-19,2004,32.5,2.04
"Black, non-Hispanic",Male,"Black, non-Hispanic",Ages 18-19,2005,31.5,1.91
"Black, non-Hispanic",Male,"Black, non-Hispanic",Ages 18-19,2006,31.6,1.93
"Black, non-Hispanic",Male,"Black, non-Hispanic",Ages 18-19,2007,30.4,1.94
"Black, non-Hispanic",Male,"Black, non-Hispanic",Ages 18-19,2008,32.2,1.92
"Black, non-Hispanic",Male,"Black, non-Hispanic",Ages 18-19,2009,44.4,2.13
"Black, non-Hispanic",Male,"Black, non-Hispanic",Ages 18-19,2010,43.9,2.2
"Black, non-Hispanic",Male,"Black, non-Hispanic",Ages 18-19,2011,42.3,2.11
"Black, non-Hispanic",Male,"Black, non-Hispanic",Ages 18-19,2012,38.9,2.09
"Black, non-Hispanic",Male,"Black, non-Hispanic",Ages 18-19,2013,41.7,2.1
"Black, non-Hispanic",Male,"Black, non-Hispanic",Ages 20-14,1980,23.7,1.13
"Black, non-Hispanic",Male,"Black, non-Hispanic",Ages 20-14,1981,26.4,1.17
"Black, non-Hispanic",Male,"Black, non-Hispanic",Ages 20-14,1982,31.5,1.22
"Black, non-Hispanic",Male,"Black, non-Hispanic",Ages 20-14,1983,31.4,1.2
"Black, non-Hispanic",Male,"Black, non-Hispanic",Ages 20-14,1984,26.6,1.13
"Black, non-Hispanic",Male,"Black, non-Hispanic",Ages 20-14,1985,23.6,1.12
"Black, non-Hispanic",Male,"Black, non-Hispanic",Ages 20-14,1986,23.5,1.12
"Black, non-Hispanic",Male,"Black, non-Hispanic",Ages 20-14,1987,20.4,1.09
"Black, non-Hispanic",Male,"Black, non-Hispanic",Ages 20-14,1988,19.4,1.07
"Black, non-Hispanic",Male,"Black, non-Hispanic",Ages 20-14,1989,17.9,1.04
"Black, non-Hispanic",Male,"Black, non-Hispanic",Ages 20-14,1990,20.1,1.1
"Black, non-Hispanic",Male,"Black, non-Hispanic",Ages 20-14,1991,22.4,1.14
"Black, non-Hispanic",Male,"Black, non-Hispanic",Ages 20-14,1992,24.6,1.17
"Black, non-Hispanic",Male,"Black, non-Hispanic",Ages 20-14,1993,23,1.16
"Black, non-Hispanic",Male,"Black, non-Hispanic",Ages 20-14,1994,19.4,1.08
"Black, non-Hispanic",Male,"Black, non-Hispanic",Ages 20-14,1995,17.7,1.06
"Black, non-Hispanic",Male,"Black, non-Hispanic",Ages 20-14,1996,19.2,1.1
"Black, non-Hispanic",Male,"Black, non-Hispanic",Ages 20-14,1997,19.8,1.13
"Black, non-Hispanic",Male,"Black, non-Hispanic",Ages 20-14,1998,18,1.08
"Black, non-Hispanic",Male,"Black, non-Hispanic",Ages 20-14,1999,16.2,1.04
"Black, non-Hispanic",Male,"Black, non-Hispanic",Ages 20-14,2000,16.6,1.03
"Black, non-Hispanic",Male,"Black, non-Hispanic",Ages 20-14,2001,17.6,1.06
"Black, non-Hispanic",Male,"Black, non-Hispanic",Ages 20-14,2002,20,1.08
"Black, non-Hispanic",Male,"Black, non-Hispanic",Ages 20-14,2003,20.9,1.09
"Black, non-Hispanic",Male,"Black, non-Hispanic",Ages 20-14,2004,20.3,1.08
"Black, non-Hispanic",Male,"Black, non-Hispanic",Ages 20-14,2005,20.4,1.07
"Black, non-Hispanic",Male,"Black, non-Hispanic",Ages 20-14,2006,17.2,0.99
"Black, non-Hispanic",Male,"Black, non-Hispanic",Ages 20-14,2007,16.9,0.98
"Black, non-Hispanic",Male,"Black, non-Hispanic",Ages 20-14,2008,19.3,1.03
"Black, non-Hispanic",Male,"Black, non-Hispanic",Ages 20-14,2009,27.7,1.18
"Black, non-Hispanic",Male,"Black, non-Hispanic",Ages 20-14,2010,29.8,1.18
"Black, non-Hispanic",Male,"Black, non-Hispanic",Ages 20-14,2011,27.5,1.14
"Black, non-Hispanic",Male,"Black, non-Hispanic",Ages 20-14,2012,25.5,1.1
"Black, non-Hispanic",Male,"Black, non-Hispanic",Ages 20-14,2013,25,1.07
"Black, non-Hispanic",Female,"Black, non-Hispanic",,1980,27,1.1
"Black, non-Hispanic",Female,"Black, non-Hispanic",,1981,29.5,1.13
"Black, non-Hispanic",Female,"Black, non-Hispanic",,1982,33.7,1.17
"Black, non-Hispanic",Female,"Black, non-Hispanic",,1983,35.5,1.19
"Black, non-Hispanic",Female,"Black, non-Hispanic",,1984,28.8,1.11
"Black, non-Hispanic",Female,"Black, non-Hispanic",,1985,28.1,1.1
"Black, non-Hispanic",Female,"Black, non-Hispanic",,1986,27.3,1.08
"Black, non-Hispanic",Female,"Black, non-Hispanic",,1987,25.3,1.06
"Black, non-Hispanic",Female,"Black, non-Hispanic",,1988,22.1,1.03
"Black, non-Hispanic",Female,"Black, non-Hispanic",,1989,22,1.01
"Black, non-Hispanic",Female,"Black, non-Hispanic",,1990,21.5,1.01
"Black, non-Hispanic",Female,"Black, non-Hispanic",,1991,23.7,1.07
"Black, non-Hispanic",Female,"Black, non-Hispanic",,1992,25.8,1.1
"Black, non-Hispanic",Female,"Black, non-Hispanic",,1993,24.8,1.07
"Black, non-Hispanic",Female,"Black, non-Hispanic",,1994,22.2,1.03
"Black, non-Hispanic",Female,"Black, non-Hispanic",,1995,21.1,1
"Black, non-Hispanic",Female,"Black, non-Hispanic",,1996,20.9,0.99
"Black, non-Hispanic",Female,"Black, non-Hispanic",,1997,19.8,0.94
"Black, non-Hispanic",Female,"Black, non-Hispanic",,1998,17,0.87
"Black, non-Hispanic",Female,"Black, non-Hispanic",,1999,15.7,0.83
"Black, non-Hispanic",Female,"Black, non-Hispanic",,2000,15.4,0.84
"Black, non-Hispanic",Female,"Black, non-Hispanic",,2001,17.5,0.88
"Black, non-Hispanic",Female,"Black, non-Hispanic",,2002,19.9,0.93
"Black, non-Hispanic",Female,"Black, non-Hispanic",,2003,21.3,0.98
"Black, non-Hispanic",Female,"Black, non-Hispanic",,2004,18.2,0.91
"Black, non-Hispanic",Female,"Black, non-Hispanic",,2005,18.4,0.91
"Black, non-Hispanic",Female,"Black, non-Hispanic",,2006,17.1,0.88
"Black, non-Hispanic",Female,"Black, non-Hispanic",,2007,15.9,0.87
"Black, non-Hispanic",Female,"Black, non-Hispanic",,2008,18.4,0.92
"Black, non-Hispanic",Female,"Black, non-Hispanic",,2009,24.1,1
"Black, non-Hispanic",Female,"Black, non-Hispanic",,2010,25.2,1.01
"Black, non-Hispanic",Female,"Black, non-Hispanic",,2011,25.1,1
"Black, non-Hispanic",Female,"Black, non-Hispanic",,2012,23,0.94
"Black, non-Hispanic",Female,"Black, non-Hispanic",,2013,22.3,0.93
"Black, non-Hispanic",Female,"Black, non-Hispanic",Ages 18-19,1980,38.2,1.97
"Black, non-Hispanic",Female,"Black, non-Hispanic",Ages 18-19,1981,39.8,2.01
"Black, non-Hispanic",Female,"Black, non-Hispanic",Ages 18-19,1982,48.4,2.07
"Black, non-Hispanic",Female,"Black, non-Hispanic",Ages 18-19,1983,47.9,2.05
"Black, non-Hispanic",Female,"Black, non-Hispanic",Ages 18-19,1984,40,2.02
"Black, non-Hispanic",Female,"Black, non-Hispanic",Ages 18-19,1985,36.6,1.95
"Black, non-Hispanic",Female,"Black, non-Hispanic",Ages 18-19,1986,36.2,1.95
"Black, non-Hispanic",Female,"Black, non-Hispanic",Ages 18-19,1987,31.7,1.85
"Black, non-Hispanic",Female,"Black, non-Hispanic",Ages 18-19,1988,29.8,1.87
"Black, non-Hispanic",Female,"Black, non-Hispanic",Ages 18-19,1989,34.2,1.88
"Black, non-Hispanic",Female,"Black, non-Hispanic",Ages 18-19,1990,27.5,1.78
"Black, non-Hispanic",Female,"Black, non-Hispanic",Ages 18-19,1991,33.9,1.99
"Black, non-Hispanic",Female,"Black, non-Hispanic",Ages 18-19,1992,34.9,1.99
"Black, non-Hispanic",Female,"Black, non-Hispanic",Ages 18-19,1993,38.2,2.02
"Black, non-Hispanic",Female,"Black, non-Hispanic",Ages 18-19,1994,32.3,2.02
"Black, non-Hispanic",Female,"Black, non-Hispanic",Ages 18-19,1995,31.5,1.86
"Black, non-Hispanic",Female,"Black, non-Hispanic",Ages 18-19,1996,28.6,1.79
"Black, non-Hispanic",Female,"Black, non-Hispanic",Ages 18-19,1997,27.7,1.68
"Black, non-Hispanic",Female,"Black, non-Hispanic",Ages 18-19,1998,20.9,1.47
"Black, non-Hispanic",Female,"Black, non-Hispanic",Ages 18-19,1999,23.4,1.58
"Black, non-Hispanic",Female,"Black, non-Hispanic",Ages 18-19,2000,21.3,1.56
"Black, non-Hispanic",Female,"Black, non-Hispanic",Ages 18-19,2001,25.4,1.71
"Black, non-Hispanic",Female,"Black, non-Hispanic",Ages 18-19,2002,25.7,1.75
"Black, non-Hispanic",Female,"Black, non-Hispanic",Ages 18-19,2003,31,1.92
"Black, non-Hispanic",Female,"Black, non-Hispanic",Ages 18-19,2004,24.3,1.77
"Black, non-Hispanic",Female,"Black, non-Hispanic",Ages 18-19,2005,26.4,1.8
"Black, non-Hispanic",Female,"Black, non-Hispanic",Ages 18-19,2006,23.6,1.63
"Black, non-Hispanic",Female,"Black, non-Hispanic",Ages 18-19,2007,24.8,1.8
"Black, non-Hispanic",Female,"Black, non-Hispanic",Ages 18-19,2008,25,1.8
"Black, non-Hispanic",Female,"Black, non-Hispanic",Ages 18-19,2009,31.5,1.91
"Black, non-Hispanic",Female,"Black, non-Hispanic",Ages 18-19,2010,37.8,2.14
"Black, non-Hispanic",Female,"Black, non-Hispanic",Ages 18-19,2011,34.7,2.13
"Black, non-Hispanic",Female,"Black, non-Hispanic",Ages 18-19,2012,32.9,1.94
"Black, non-Hispanic",Female,"Black, non-Hispanic",Ages 18-19,2013,30,1.9
"Black, non-Hispanic",Female,"Black, non-Hispanic",Ages 20-14,1980,23.5,0.93
"Black, non-Hispanic",Female,"Black, non-Hispanic",Ages 20-14,1981,26.5,0.96
"Black, non-Hispanic",Female,"Black, non-Hispanic",Ages 20-14,1982,29.5,1.05
"Black, non-Hispanic",Female,"Black, non-Hispanic",Ages 20-14,1983,31.8,1.04
"Black, non-Hispanic",Female,"Black, non-Hispanic",Ages 20-14,1984,25.6,0.91
"Black, non-Hispanic",Female,"Black, non-Hispanic",Ages 20-14,1985,25.6,0.9
"Black, non-Hispanic",Female,"Black, non-Hispanic",Ages 20-14,1986,24.7,0.92
"Black, non-Hispanic",Female,"Black, non-Hispanic",Ages 20-14,1987,23.3,0.88
"Black, non-Hispanic",Female,"Black, non-Hispanic",Ages 20-14,1988,19.8,0.88
"Black, non-Hispanic",Female,"Black, non-Hispanic",Ages 20-14,1989,18.1,0.92
"Black, non-Hispanic",Female,"Black, non-Hispanic",Ages 20-14,1990,19.6,0.86
"Black, non-Hispanic",Female,"Black, non-Hispanic",Ages 20-14,1991,20.7,0.92
"Black, non-Hispanic",Female,"Black, non-Hispanic",Ages 20-14,1992,23.2,0.94
"Black, non-Hispanic",Female,"Black, non-Hispanic",Ages 20-14,1993,20.9,0.97
"Black, non-Hispanic",Female,"Black, non-Hispanic",Ages 20-14,1994,19.6,0.95
"Black, non-Hispanic",Female,"Black, non-Hispanic",Ages 20-14,1995,17.8,0.94
"Black, non-Hispanic",Female,"Black, non-Hispanic",Ages 20-14,1996,18.4,0.97
"Black, non-Hispanic",Female,"Black, non-Hispanic",Ages 20-14,1997,17.1,0.85
"Black, non-Hispanic",Female,"Black, non-Hispanic",Ages 20-14,1998,15.6,0.81
"Black, non-Hispanic",Female,"Black, non-Hispanic",Ages 20-14,1999,13.4,0.75
"Black, non-Hispanic",Female,"Black, non-Hispanic",Ages 20-14,2000,13.6,0.76
"Black, non-Hispanic",Female,"Black, non-Hispanic",Ages 20-14,2001,15.3,0.72
"Black, non-Hispanic",Female,"Black, non-Hispanic",Ages 20-14,2002,18.3,0.82
"Black, non-Hispanic",Female,"Black, non-Hispanic",Ages 20-14,2003,18.8,0.85
"Black, non-Hispanic",Female,"Black, non-Hispanic",Ages 20-14,2004,16.6,0.77
"Black, non-Hispanic",Female,"Black, non-Hispanic",Ages 20-14,2005,16.3,0.76
"Black, non-Hispanic",Female,"Black, non-Hispanic",Ages 20-14,2006,15.2,0.73
"Black, non-Hispanic",Female,"Black, non-Hispanic",Ages 20-14,2007,13.6,0.74
"Black, non-Hispanic",Female,"Black, non-Hispanic",Ages 20-14,2008,16.6,0.83
"Black, non-Hispanic",Female,"Black, non-Hispanic",Ages 20-14,2009,22.1,0.96
"Black, non-Hispanic",Female,"Black, non-Hispanic",Ages 20-14,2010,22.6,0.95
"Black, non-Hispanic",Female,"Black, non-Hispanic",Ages 20-14,2011,23.1,0.93
"Black, non-Hispanic",Female,"Black, non-Hispanic",Ages 20-14,2012,20.8,0.85
"Black, non-Hispanic",Female,"Black, non-Hispanic",Ages 20-14,2013,20.5,0.8
"Asian, non-Hispanic",,"Asian, non-Hispanic",,1980,,
"Asian, non-Hispanic",,"Asian, non-Hispanic",,1981,,
"Asian, non-Hispanic",,"Asian, non-Hispanic",,1982,,
"Asian, non-Hispanic",,"Asian, non-Hispanic",,1983,,
"Asian, non-Hispanic",,"Asian, non-Hispanic",,1984,,
"Asian, non-Hispanic",,"Asian, non-Hispanic",,1985,,
"Asian, non-Hispanic",,"Asian, non-Hispanic",,1986,,
"Asian, non-Hispanic",,"Asian, non-Hispanic",,1987,,
"Asian, non-Hispanic",,"Asian, non-Hispanic",,1988,,
"Asian, non-Hispanic",,"Asian, non-Hispanic",,1989,,
"Asian, non-Hispanic",,"Asian, non-Hispanic",,1990,,
"Asian, non-Hispanic",,"Asian, non-Hispanic",,1991,,
"Asian, non-Hispanic",,"Asian, non-Hispanic",,1992,,
"Asian, non-Hispanic",,"Asian, non-Hispanic",,1993,,
"Asian, non-Hispanic",,"Asian, non-Hispanic",,1994,,
"Asian, non-Hispanic",,"Asian, non-Hispanic",,1995,,
"Asian, non-Hispanic",,"Asian, non-Hispanic",,1996,,
"Asian, non-Hispanic",,"Asian, non-Hispanic",,1997,,
"Asian, non-Hispanic",,"Asian, non-Hispanic",,1998,,
"Asian, non-Hispanic",,"Asian, non-Hispanic",,1999,,
"Asian, non-Hispanic",,"Asian, non-Hispanic",,2000,8.6,0.72
"Asian, non-Hispanic",,"Asian, non-Hispanic",,2001,8.7,0.73
"Asian, non-Hispanic",,"Asian, non-Hispanic",,2002,11,0.8
"Asian, non-Hispanic",,"Asian, non-Hispanic",,2003,10.3,0.86
"Asian, non-Hispanic",,"Asian, non-Hispanic",,2004,8.8,0.8
"Asian, non-Hispanic",,"Asian, non-Hispanic",,2005,7,0.72
"Asian, non-Hispanic",,"Asian, non-Hispanic",,2006,6.6,0.72
"Asian, non-Hispanic",,"Asian, non-Hispanic",,2007,6.7,0.71
"Asian, non-Hispanic",,"Asian, non-Hispanic",,2008,7.5,0.75
"Asian, non-Hispanic",,"Asian, non-Hispanic",,2009,13.5,1.02
"Asian, non-Hispanic",,"Asian, non-Hispanic",,2010,13.8,1
"Asian, non-Hispanic",,"Asian, non-Hispanic",,2011,13.4,0.97
"Asian, non-Hispanic",,"Asian, non-Hispanic",,2012,12.4,0.87
"Asian, non-Hispanic",,"Asian, non-Hispanic",,2013,12,0.82
"Asian, non-Hispanic",Male,"Asian, non-Hispanic",,1980,,
"Asian, non-Hispanic",Male,"Asian, non-Hispanic",,1981,,
"Asian, non-Hispanic",Male,"Asian, non-Hispanic",,1982,,
"Asian, non-Hispanic",Male,"Asian, non-Hispanic",,1983,,
"Asian, non-Hispanic",Male,"Asian, non-Hispanic",,1984,,
"Asian, non-Hispanic",Male,"Asian, non-Hispanic",,1985,,
"Asian, non-Hispanic",Male,"Asian, non-Hispanic",,1986,,
"Asian, non-Hispanic",Male,"Asian, non-Hispanic",,1987,,
"Asian, non-Hispanic",Male,"Asian, non-Hispanic",,1988,,
"Asian, non-Hispanic",Male,"Asian, non-Hispanic",,1989,,
"Asian, non-Hispanic",Male,"Asian, non-Hispanic",,1990,,
"Asian, non-Hispanic",Male,"Asian, non-Hispanic",,1991,,
"Asian, non-Hispanic",Male,"Asian, non-Hispanic",,1992,,
"Asian, non-Hispanic",Male,"Asian, non-Hispanic",,1993,,
"Asian, non-Hispanic",Male,"Asian, non-Hispanic",,1994,,
"Asian, non-Hispanic",Male,"Asian, non-Hispanic",,1995,,
"Asian, non-Hispanic",Male,"Asian, non-Hispanic",,1996,,
"Asian, non-Hispanic",Male,"Asian, non-Hispanic",,1997,,
"Asian, non-Hispanic",Male,"Asian, non-Hispanic",,1998,,
"Asian, non-Hispanic",Male,"Asian, non-Hispanic",,1999,,
"Asian, non-Hispanic",Male,"Asian, non-Hispanic",,2000,9.3,1.03
"Asian, non-Hispanic",Male,"Asian, non-Hispanic",,2001,9.9,1.05
"Asian, non-Hispanic",Male,"Asian, non-Hispanic",,2002,12.2,1.16
"Asian, non-Hispanic",Male,"Asian, non-Hispanic",,2003,11.5,1.24
"Asian, non-Hispanic",Male,"Asian, non-Hispanic",,2004,9.2,1.12
"Asian, non-Hispanic",Male,"Asian, non-Hispanic",,2005,9.6,1.15
"Asian, non-Hispanic",Male,"Asian, non-Hispanic",,2006,8.3,1.1
"Asian, non-Hispanic",Male,"Asian, non-Hispanic",,2007,7.2,1.04
"Asian, non-Hispanic",Male,"Asian, non-Hispanic",,2008,7.4,1.04
"Asian, non-Hispanic",Male,"Asian, non-Hispanic",,2009,14.2,1.42
"Asian, non-Hispanic",Male,"Asian, non-Hispanic",,2010,15.5,1.44
"Asian, non-Hispanic",Male,"Asian, non-Hispanic",,2011,14.9,1.42
"Asian, non-Hispanic",Male,"Asian, non-Hispanic",,2012,12.2,1.19
"Asian, non-Hispanic",Male,"Asian, non-Hispanic",,2013,13.8,1.19
"Asian, non-Hispanic",Male,"Asian, non-Hispanic",Ages 18-19,1980,,
"Asian, non-Hispanic",Male,"Asian, non-Hispanic",Ages 18-19,1981,,
"Asian, non-Hispanic",Male,"Asian, non-Hispanic",Ages 18-19,1982,,
"Asian, non-Hispanic",Male,"Asian, non-Hispanic",Ages 18-19,1983,,
"Asian, non-Hispanic",Male,"Asian, non-Hispanic",Ages 18-19,1984,,
"Asian, non-Hispanic",Male,"Asian, non-Hispanic",Ages 18-19,1985,,
"Asian, non-Hispanic",Male,"Asian, non-Hispanic",Ages 18-19,1986,,
"Asian, non-Hispanic",Male,"Asian, non-Hispanic",Ages 18-19,1987,,
"Asian, non-Hispanic",Male,"Asian, non-Hispanic",Ages 18-19,1988,,
"Asian, non-Hispanic",Male,"Asian, non-Hispanic",Ages 18-19,1989,,
"Asian, non-Hispanic",Male,"Asian, non-Hispanic",Ages 18-19,1990,,
"Asian, non-Hispanic",Male,"Asian, non-Hispanic",Ages 18-19,1991,,
"Asian, non-Hispanic",Male,"Asian, non-Hispanic",Ages 18-19,1992,,
"Asian, non-Hispanic",Male,"Asian, non-Hispanic",Ages 18-19,1993,,
"Asian, non-Hispanic",Male,"Asian, non-Hispanic",Ages 18-19,1994,,
"Asian, non-Hispanic",Male,"Asian, non-Hispanic",Ages 18-19,1995,,
"Asian, non-Hispanic",Male,"Asian, non-Hispanic",Ages 18-19,1996,,
"Asian, non-Hispanic",Male,"Asian, non-Hispanic",Ages 18-19,1997,,
"Asian, non-Hispanic",Male,"Asian, non-Hispanic",Ages 18-19,1998,,
"Asian, non-Hispanic",Male,"Asian, non-Hispanic",Ages 18-19,1999,,
"Asian, non-Hispanic",Male,"Asian, non-Hispanic",Ages 18-19,2000,14,2.56
"Asian, non-Hispanic",Male,"Asian, non-Hispanic",Ages 18-19,2001,11.2,2.46
"Asian, non-Hispanic",Male,"Asian, non-Hispanic",Ages 18-19,2002,17.9,2.99
"Asian, non-Hispanic",Male,"Asian, non-Hispanic",Ages 18-19,2003,17.8,3.31
"Asian, non-Hispanic",Male,"Asian, non-Hispanic",Ages 18-19,2004,12.4,3.02
"Asian, non-Hispanic",Male,"Asian, non-Hispanic",Ages 18-19,2005,13.1,3.28
"Asian, non-Hispanic",Male,"Asian, non-Hispanic",Ages 18-19,2006,13.6,3.24
"Asian, non-Hispanic",Male,"Asian, non-Hispanic",Ages 18-19,2007,10.1,2.93
"Asian, non-Hispanic",Male,"Asian, non-Hispanic",Ages 18-19,2008,12.5,3.19
"Asian, non-Hispanic",Male,"Asian, non-Hispanic",Ages 18-19,2009,22.4,3.95
"Asian, non-Hispanic",Male,"Asian, non-Hispanic",Ages 18-19,2010,24.4,4.07
"Asian, non-Hispanic",Male,"Asian, non-Hispanic",Ages 18-19,2011,28.8,4.4
"Asian, non-Hispanic",Male,"Asian, non-Hispanic",Ages 18-19,2012,24.2,4.09
"Asian, non-Hispanic",Male,"Asian, non-Hispanic",Ages 18-19,2013,20.3,3.32
"Asian, non-Hispanic",Male,"Asian, non-Hispanic",Ages 20-14,1980,,
"Asian, non-Hispanic",Male,"Asian, non-Hispanic",Ages 20-14,1981,,
"Asian, non-Hispanic",Male,"Asian, non-Hispanic",Ages 20-14,1982,,
"Asian, non-Hispanic",Male,"Asian, non-Hispanic",Ages 20-14,1983,,
"Asian, non-Hispanic",Male,"Asian, non-Hispanic",Ages 20-14,1984,,
"Asian, non-Hispanic",Male,"Asian, non-Hispanic",Ages 20-14,1985,,
"Asian, non-Hispanic",Male,"Asian, non-Hispanic",Ages 20-14,1986,,
"Asian, non-Hispanic",Male,"Asian, non-Hispanic",Ages 20-14,1987,,
"Asian, non-Hispanic",Male,"Asian, non-Hispanic",Ages 20-14,1988,,
"Asian, non-Hispanic",Male,"Asian, non-Hispanic",Ages 20-14,1989,,
"Asian, non-Hispanic",Male,"Asian, non-Hispanic",Ages 20-14,1990,,
"Asian, non-Hispanic",Male,"Asian, non-Hispanic",Ages 20-14,1991,,
"Asian, non-Hispanic",Male,"Asian, non-Hispanic",Ages 20-14,1992,,
"Asian, non-Hispanic",Male,"Asian, non-Hispanic",Ages 20-14,1993,,
"Asian, non-Hispanic",Male,"Asian, non-Hispanic",Ages 20-14,1994,,
"Asian, non-Hispanic",Male,"Asian, non-Hispanic",Ages 20-14,1995,,
"Asian, non-Hispanic",Male,"Asian, non-Hispanic",Ages 20-14,1996,,
"Asian, non-Hispanic",Male,"Asian, non-Hispanic",Ages 20-14,1997,,
"Asian, non-Hispanic",Male,"Asian, non-Hispanic",Ages 20-14,1998,,
"Asian, non-Hispanic",Male,"Asian, non-Hispanic",Ages 20-14,1999,,
"Asian, non-Hispanic",Male,"Asian, non-Hispanic",Ages 20-14,2000,7.9,1.09
"Asian, non-Hispanic",Male,"Asian, non-Hispanic",Ages 20-14,2001,9.8,1.17
"Asian, non-Hispanic",Male,"Asian, non-Hispanic",Ages 20-14,2002,10.9,1.24
"Asian, non-Hispanic",Male,"Asian, non-Hispanic",Ages 20-14,2003,9.9,1.29
"Asian, non-Hispanic",Male,"Asian, non-Hispanic",Ages 20-14,2004,8.2,1.18
"Asian, non-Hispanic",Male,"Asian, non-Hispanic",Ages 20-14,2005,9,1.22
"Asian, non-Hispanic",Male,"Asian, non-Hispanic",Ages 20-14,2006,7,1.12
"Asian, non-Hispanic",Male,"Asian, non-Hispanic",Ages 20-14,2007,6.9,1.11
"Asian, non-Hispanic",Male,"Asian, non-Hispanic",Ages 20-14,2008,6.5,1.08
"Asian, non-Hispanic",Male,"Asian, non-Hispanic",Ages 20-14,2009,12.3,1.48
"Asian, non-Hispanic",Male,"Asian, non-Hispanic",Ages 20-14,2010,14.2,1.53
"Asian, non-Hispanic",Male,"Asian, non-Hispanic",Ages 20-14,2011,11.7,1.4
"Asian, non-Hispanic",Male,"Asian, non-Hispanic",Ages 20-14,2012,10.2,1.19
"Asian, non-Hispanic",Male,"Asian, non-Hispanic",Ages 20-14,2013,12.4,1.26
"Asian, non-Hispanic",Female,"Asian, non-Hispanic",,1980,,
"Asian, non-Hispanic",Female,"Asian, non-Hispanic",,1981,,
"Asian, non-Hispanic",Female,"Asian, non-Hispanic",,1982,,
"Asian, non-Hispanic",Female,"Asian, non-Hispanic",,1983,,
"Asian, non-Hispanic",Female,"Asian, non-Hispanic",,1984,,
"Asian, non-Hispanic",Female,"Asian, non-Hispanic",,1985,,
"Asian, non-Hispanic",Female,"Asian, non-Hispanic",,1986,,
"Asian, non-Hispanic",Female,"Asian, non-Hispanic",,1987,,
"Asian, non-Hispanic",Female,"Asian, non-Hispanic",,1988,,
"Asian, non-Hispanic",Female,"Asian, non-Hispanic",,1989,,
"Asian, non-Hispanic",Female,"Asian, non-Hispanic",,1990,,
"Asian, non-Hispanic",Female,"Asian, non-Hispanic",,1991,,
"Asian, non-Hispanic",Female,"Asian, non-Hispanic",,1992,,
"Asian, non-Hispanic",Female,"Asian, non-Hispanic",,1993,,
"Asian, non-Hispanic",Female,"Asian, non-Hispanic",,1994,,
"Asian, non-Hispanic",Female,"Asian, non-Hispanic",,1995,,
"Asian, non-Hispanic",Female,"Asian, non-Hispanic",,1996,,
"Asian, non-Hispanic",Female,"Asian, non-Hispanic",,1997,,
"Asian, non-Hispanic",Female,"Asian, non-Hispanic",,1998,,
"Asian, non-Hispanic",Female,"Asian, non-Hispanic",,1999,,
"Asian, non-Hispanic",Female,"Asian, non-Hispanic",,2000,7.8,1.01
"Asian, non-Hispanic",Female,"Asian, non-Hispanic",,2001,7.3,0.99
"Asian, non-Hispanic",Female,"Asian, non-Hispanic",,2002,9.8,1.11
"Asian, non-Hispanic",Female,"Asian, non-Hispanic",,2003,9.1,1.19
"Asian, non-Hispanic",Female,"Asian, non-Hispanic",,2004,9,1.16
"Asian, non-Hispanic",Female,"Asian, non-Hispanic",,2005,4.2,0.82
"Asian, non-Hispanic",Female,"Asian, non-Hispanic",,2006,5,0.93
"Asian, non-Hispanic",Female,"Asian, non-Hispanic",,2007,7.4,1.04
"Asian, non-Hispanic",Female,"Asian, non-Hispanic",,2008,7.6,1.09
"Asian, non-Hispanic",Female,"Asian, non-Hispanic",,2009,13,1.47
"Asian, non-Hispanic",Female,"Asian, non-Hispanic",,2010,11.9,1.37
"Asian, non-Hispanic",Female,"Asian, non-Hispanic",,2011,11.9,1.33
"Asian, non-Hispanic",Female,"Asian, non-Hispanic",,2012,12.6,1.28
"Asian, non-Hispanic",Female,"Asian, non-Hispanic",,2013,9.2,1.06
"Asian, non-Hispanic",Female,"Asian, non-Hispanic",Ages 18-19,1980,,
"Asian, non-Hispanic",Female,"Asian, non-Hispanic",Ages 18-19,1981,,
"Asian, non-Hispanic",Female,"Asian, non-Hispanic",Ages 18-19,1982,,
"Asian, non-Hispanic",Female,"Asian, non-Hispanic",Ages 18-19,1983,,
"Asian, non-Hispanic",Female,"Asian, non-Hispanic",Ages 18-19,1984,,
"Asian, non-Hispanic",Female,"Asian, non-Hispanic",Ages 18-19,1985,,
"Asian, non-Hispanic",Female,"Asian, non-Hispanic",Ages 18-19,1986,,
"Asian, non-Hispanic",Female,"Asian, non-Hispanic",Ages 18-19,1987,,
"Asian, non-Hispanic",Female,"Asian, non-Hispanic",Ages 18-19,1988,,
"Asian, non-Hispanic",Female,"Asian, non-Hispanic",Ages 18-19,1989,,
"Asian, non-Hispanic",Female,"Asian, non-Hispanic",Ages 18-19,1990,,
"Asian, non-Hispanic",Female,"Asian, non-Hispanic",Ages 18-19,1991,,
"Asian, non-Hispanic",Female,"Asian, non-Hispanic",Ages 18-19,1992,,
"Asian, non-Hispanic",Female,"Asian, non-Hispanic",Ages 18-19,1993,,
"Asian, non-Hispanic",Female,"Asian, non-Hispanic",Ages 18-19,1994,,
"Asian, non-Hispanic",Female,"Asian, non-Hispanic",Ages 18-19,1995,,
"Asian, non-Hispanic",Female,"Asian, non-Hispanic",Ages 18-19,1996,,
"Asian, non-Hispanic",Female,"Asian, non-Hispanic",Ages 18-19,1997,,
"Asian, non-Hispanic",Female,"Asian, non-Hispanic",Ages 18-19,1998,,
"Asian, non-Hispanic",Female,"Asian, non-Hispanic",Ages 18-19,1999,,
"Asian, non-Hispanic",Female,"Asian, non-Hispanic",Ages 18-19,2000,13.5,2.63
"Asian, non-Hispanic",Female,"Asian, non-Hispanic",Ages 18-19,2001,10.9,2.62
"Asian, non-Hispanic",Female,"Asian, non-Hispanic",Ages 18-19,2002,10.7,2.52
"Asian, non-Hispanic",Female,"Asian, non-Hispanic",Ages 18-19,2003,14.8,3.74
"Asian, non-Hispanic",Female,"Asian, non-Hispanic",Ages 18-19,2004,7.8,2.77
"Asian, non-Hispanic",Female,"Asian, non-Hispanic",Ages 18-19,2005,6.2,2.51
"Asian, non-Hispanic",Female,"Asian, non-Hispanic",Ages 18-19,2006,9.9,3.33
"Asian, non-Hispanic",Female,"Asian, non-Hispanic",Ages 18-19,2007,12.9,3.23
"Asian, non-Hispanic",Female,"Asian, non-Hispanic",Ages 18-19,2008,15.7,3.92
"Asian, non-Hispanic",Female,"Asian, non-Hispanic",Ages 18-19,2009,24,5.09
"Asian, non-Hispanic",Female,"Asian, non-Hispanic",Ages 18-19,2010,20.8,4.19
"Asian, non-Hispanic",Female,"Asian, non-Hispanic",Ages 18-19,2011,21.6,4.04
"Asian, non-Hispanic",Female,"Asian, non-Hispanic",Ages 18-19,2012,19.7,3.61
"Asian, non-Hispanic",Female,"Asian, non-Hispanic",Ages 18-19,2013,19.3,3.8
"Asian, non-Hispanic",Female,"Asian, non-Hispanic",Ages 20-14,1980,,
"Asian, non-Hispanic",Female,"Asian, non-Hispanic",Ages 20-14,1981,,
"Asian, non-Hispanic",Female,"Asian, non-Hispanic",Ages 20-14,1982,,
"Asian, non-Hispanic",Female,"Asian, non-Hispanic",Ages 20-14,1983,,
"Asian, non-Hispanic",Female,"Asian, non-Hispanic",Ages 20-14,1984,,
"Asian, non-Hispanic",Female,"Asian, non-Hispanic",Ages 20-14,1985,,
"Asian, non-Hispanic",Female,"Asian, non-Hispanic",Ages 20-14,1986,,
"Asian, non-Hispanic",Female,"Asian, non-Hispanic",Ages 20-14,1987,,
"Asian, non-Hispanic",Female,"Asian, non-Hispanic",Ages 20-14,1988,,
"Asian, non-Hispanic",Female,"Asian, non-Hispanic",Ages 20-14,1989,,
"Asian, non-Hispanic",Female,"Asian, non-Hispanic",Ages 20-14,1990,,
"Asian, non-Hispanic",Female,"Asian, non-Hispanic",Ages 20-14,1991,,
"Asian, non-Hispanic",Female,"Asian, non-Hispanic",Ages 20-14,1992,,
"Asian, non-Hispanic",Female,"Asian, non-Hispanic",Ages 20-14,1993,,
"Asian, non-Hispanic",Female,"Asian, non-Hispanic",Ages 20-14,1994,,
"Asian, non-Hispanic",Female,"Asian, non-Hispanic",Ages 20-14,1995,,
"Asian, non-Hispanic",Female,"Asian, non-Hispanic",Ages 20-14,1996,,
"Asian, non-Hispanic",Female,"Asian, non-Hispanic",Ages 20-14,1997,,
"Asian, non-Hispanic",Female,"Asian, non-Hispanic",Ages 20-14,1998,,
"Asian, non-Hispanic",Female,"Asian, non-Hispanic",Ages 20-14,1999,,
"Asian, non-Hispanic",Female,"Asian, non-Hispanic",Ages 20-14,2000,5.8,1.01
"Asian, non-Hispanic",Female,"Asian, non-Hispanic",Ages 20-14,2001,6.3,1.03
"Asian, non-Hispanic",Female,"Asian, non-Hispanic",Ages 20-14,2002,9.4,1.23
"Asian, non-Hispanic",Female,"Asian, non-Hispanic",Ages 20-14,2003,8.1,1.23
"Asian, non-Hispanic",Female,"Asian, non-Hispanic",Ages 20-14,2004,9,1.26
"Asian, non-Hispanic",Female,"Asian, non-Hispanic",Ages 20-14,2005,3.8,0.85
"Asian, non-Hispanic",Female,"Asian, non-Hispanic",Ages 20-14,2006,4,0.9
"Asian, non-Hispanic",Female,"Asian, non-Hispanic",Ages 20-14,2007,4.2,0.87
"Asian, non-Hispanic",Female,"Asian, non-Hispanic",Ages 20-14,2008,6.1,1.06
"Asian, non-Hispanic",Female,"Asian, non-Hispanic",Ages 20-14,2009,11.3,1.48
"Asian, non-Hispanic",Female,"Asian, non-Hispanic",Ages 20-14,2010,10.2,1.4
"Asian, non-Hispanic",Female,"Asian, non-Hispanic",Ages 20-14,2011,10.1,1.36
"Asian, non-Hispanic",Female,"Asian, non-Hispanic",Ages 20-14,2012,10.9,1.33
"Asian, non-Hispanic",Female,"Asian, non-Hispanic",Ages 20-14,2013,7.4,1.04
Hispanic,,Hispanic,,1980,14,0.74
Hispanic,,Hispanic,,1981,15.7,0.75
Hispanic,,Hispanic,,1982,19.6,0.82
Hispanic,,Hispanic,,1983,18.9,0.8
Hispanic,,Hispanic,,1984,14.5,0.71
Hispanic,,Hispanic,,1985,14.8,0.71
Hispanic,,Hispanic,,1986,15,0.71
Hispanic,,Hispanic,,1987,12.6,0.65
Hispanic,,Hispanic,,1988,12,0.62
Hispanic,,Hispanic,,1989,11.9,0.61
Hispanic,,Hispanic,,1990,10.9,0.53
Hispanic,,Hispanic,,1991,13.2,0.58
Hispanic,,Hispanic,,1992,15.5,0.62
Hispanic,,Hispanic,,1993,15.1,0.62
Hispanic,,Hispanic,,1994,13.7,0.59
Hispanic,,Hispanic,,1995,13.4,0.58
Hispanic,,Hispanic,,1996,13.8,0.59
Hispanic,,Hispanic,,1997,12.1,0.53
Hispanic,,Hispanic,,1998,11.6,0.51
Hispanic,,Hispanic,,1999,10.4,0.48
Hispanic,,Hispanic,,2000,9,0.41
Hispanic,,Hispanic,,2001,9.7,0.42
Hispanic,,Hispanic,,2002,11.7,0.46
Hispanic,,Hispanic,,2003,11.7,0.47
Hispanic,,Hispanic,,2004,10.8,0.44
Hispanic,,Hispanic,,2005,10.1,0.43
Hispanic,,Hispanic,,2006,8.6,0.4
Hispanic,,Hispanic,,2007,9.6,0.42
Hispanic,,Hispanic,,2008,13.2,0.48
Hispanic,,Hispanic,,2009,18.8,0.56
Hispanic,,Hispanic,,2010,20.1,0.57
Hispanic,,Hispanic,,2011,18.1,0.53
Hispanic,,Hispanic,,2012,16.3,0.49
Hispanic,,Hispanic,,2013,15.2,0.47
Hispanic,Male,Hispanic,,1980,14,0.86
Hispanic,Male,Hispanic,,1981,15.6,0.89
Hispanic,Male,Hispanic,,1982,20.1,0.98
Hispanic,Male,Hispanic,,1983,19.1,0.94
Hispanic,Male,Hispanic,,1984,14.6,0.83
Hispanic,Male,Hispanic,,1985,14.9,0.84
Hispanic,Male,Hispanic,,1986,14.9,0.82
Hispanic,Male,Hispanic,,1987,12.1,0.75
Hispanic,Male,Hispanic,,1988,11.5,0.72
Hispanic,Male,Hispanic,,1989,11.3,0.7
Hispanic,Male,Hispanic,,1990,10.4,0.6
Hispanic,Male,Hispanic,,1991,13.2,0.66
Hispanic,Male,Hispanic,,1992,15.9,0.73
Hispanic,Male,Hispanic,,1993,14.6,0.71
Hispanic,Male,Hispanic,,1994,13.1,0.67
Hispanic,Male,Hispanic,,1995,12.7,0.66
Hispanic,Male,Hispanic,,1996,12.2,0.65
Hispanic,Male,Hispanic,,1997,11.6,0.61
Hispanic,Male,Hispanic,,1998,10.6,0.58
Hispanic,Male,Hispanic,,1999,9.7,0.56
Hispanic,Male,Hispanic,,2000,8,0.46
Hispanic,Male,Hispanic,,2001,9.3,0.49
Hispanic,Male,Hispanic,,2002,11.4,0.53
Hispanic,Male,Hispanic,,2003,11.5,0.54
Hispanic,Male,Hispanic,,2004,11.1,0.53
Hispanic,Male,Hispanic,,2005,10,0.51
Hispanic,Male,Hispanic,,2006,8.3,0.46
Hispanic,Male,Hispanic,,2007,9.5,0.49
Hispanic,Male,Hispanic,,2008,13.5,0.58
Hispanic,Male,Hispanic,,2009,19.7,0.69
Hispanic,Male,Hispanic,,2010,21.2,0.7
Hispanic,Male,Hispanic,,2011,18.2,0.62
Hispanic,Male,Hispanic,,2012,16.4,0.59
Hispanic,Male,Hispanic,,2013,15.8,0.58
Hispanic,Male,Hispanic,Ages 18-19,1980,19.2,1.74
Hispanic,Male,Hispanic,Ages 18-19,1981,20.5,1.84
Hispanic,Male,Hispanic,Ages 18-19,1982,26.7,2.06
Hispanic,Male,Hispanic,Ages 18-19,1983,25.9,1.96
Hispanic,Male,Hispanic,Ages 18-19,1984,22,1.88
Hispanic,Male,Hispanic,Ages 18-19,1985,22.5,1.95
Hispanic,Male,Hispanic,Ages 18-19,1986,22.5,1.94
Hispanic,Male,Hispanic,Ages 18-19,1987,19.3,1.79
Hispanic,Male,Hispanic,Ages 18-19,1988,19.6,1.72
Hispanic,Male,Hispanic,Ages 18-19,1989,16.6,1.56
Hispanic,Male,Hispanic,Ages 18-19,1990,17.3,1.41
Hispanic,Male,Hispanic,Ages 18-19,1991,19.1,1.51
Hispanic,Male,Hispanic,Ages 18-19,1992,23.9,1.66
Hispanic,Male,Hispanic,Ages 18-19,1993,21.9,1.62
Hispanic,Male,Hispanic,Ages 18-19,1994,22.3,1.66
Hispanic,Male,Hispanic,Ages 18-19,1995,20.3,1.58
Hispanic,Male,Hispanic,Ages 18-19,1996,18.5,1.46
Hispanic,Male,Hispanic,Ages 18-19,1997,17.8,1.41
Hispanic,Male,Hispanic,Ages 18-19,1998,16.4,1.32
Hispanic,Male,Hispanic,Ages 18-19,1999,15.2,1.22
Hispanic,Male,Hispanic,Ages 18-19,2000,12.7,1.06
Hispanic,Male,Hispanic,Ages 18-19,2001,13.4,1.07
Hispanic,Male,Hispanic,Ages 18-19,2002,19.2,1.28
Hispanic,Male,Hispanic,Ages 18-19,2003,20.1,1.44
Hispanic,Male,Hispanic,Ages 18-19,2004,17.6,1.3
Hispanic,Male,Hispanic,Ages 18-19,2005,17.6,1.32
Hispanic,Male,Hispanic,Ages 18-19,2006,14.8,1.21
Hispanic,Male,Hispanic,Ages 18-19,2007,18,1.31
Hispanic,Male,Hispanic,Ages 18-19,2008,19.8,1.34
Hispanic,Male,Hispanic,Ages 18-19,2009,31.2,1.56
Hispanic,Male,Hispanic,Ages 18-19,2010,32.6,1.6
Hispanic,Male,Hispanic,Ages 18-19,2011,31,1.57
Hispanic,Male,Hispanic,Ages 18-19,2012,26.9,1.43
Hispanic,Male,Hispanic,Ages 18-19,2013,25.9,1.44
Hispanic,Male,Hispanic,Ages 20-14,1980,12.2,0.99
Hispanic,Male,Hispanic,Ages 20-14,1981,14.1,1.01
Hispanic,Male,Hispanic,Ages 20-14,1982,18.2,1.12
Hispanic,Male,Hispanic,Ages 20-14,1983,17,1.07
Hispanic,Male,Hispanic,Ages 20-14,1984,12.5,0.92
Hispanic,Male,Hispanic,Ages 20-14,1985,12.9,0.92
Hispanic,Male,Hispanic,Ages 20-14,1986,13,0.9
Hispanic,Male,Hispanic,Ages 20-14,1987,10.2,0.82
Hispanic,Male,Hispanic,Ages 20-14,1988,9.3,0.77
Hispanic,Male,Hispanic,Ages 20-14,1989,9.7,0.78
Hispanic,Male,Hispanic,Ages 20-14,1990,8.4,0.64
Hispanic,Male,Hispanic,Ages 20-14,1991,11.6,0.74
Hispanic,Male,Hispanic,Ages 20-14,1992,13.7,0.81
Hispanic,Male,Hispanic,Ages 20-14,1993,12.6,0.78
Hispanic,Male,Hispanic,Ages 20-14,1994,10.8,0.72
Hispanic,Male,Hispanic,Ages 20-14,1995,10.7,0.73
Hispanic,Male,Hispanic,Ages 20-14,1996,10.3,0.72
Hispanic,Male,Hispanic,Ages 20-14,1997,9.9,0.67
Hispanic,Male,Hispanic,Ages 20-14,1998,8.9,0.63
Hispanic,Male,Hispanic,Ages 20-14,1999,7.8,0.61
Hispanic,Male,Hispanic,Ages 20-14,2000,6.6,0.5
Hispanic,Male,Hispanic,Ages 20-14,2001,8.1,0.54
Hispanic,Male,Hispanic,Ages 20-14,2002,9.3,0.57
Hispanic,Male,Hispanic,Ages 20-14,2003,9.6,0.58
Hispanic,Male,Hispanic,Ages 20-14,2004,9.5,0.57
Hispanic,Male,Hispanic,Ages 20-14,2005,8.1,0.54
Hispanic,Male,Hispanic,Ages 20-14,2006,6.7,0.49
Hispanic,Male,Hispanic,Ages 20-14,2007,7.4,0.51
Hispanic,Male,Hispanic,Ages 20-14,2008,11.8,0.64
Hispanic,Male,Hispanic,Ages 20-14,2009,16.5,0.75
Hispanic,Male,Hispanic,Ages 20-14,2010,18.2,0.77
Hispanic,Male,Hispanic,Ages 20-14,2011,15.3,0.67
Hispanic,Male,Hispanic,Ages 20-14,2012,13.8,0.64
Hispanic,Male,Hispanic,Ages 20-14,2013,13.4,0.63
Hispanic,Female,Hispanic,,1980,14,1.08
Hispanic,Female,Hispanic,,1981,15.9,1.1
Hispanic,Female,Hispanic,,1982,19,1.16
Hispanic,Female,Hispanic,,1983,18.6,1.16
Hispanic,Female,Hispanic,,1984,14.4,1.03
Hispanic,Female,Hispanic,,1985,14.6,1.03
Hispanic,Female,Hispanic,,1986,15.3,1.06
Hispanic,Female,Hispanic,,1987,13.4,0.96
Hispanic,Female,Hispanic,,1988,12.6,0.91
Hispanic,Female,Hispanic,,1989,12.9,0.93
Hispanic,Female,Hispanic,,1990,11.8,0.84
Hispanic,Female,Hispanic,,1991,13.2,0.89
Hispanic,Female,Hispanic,,1992,14.9,0.91
Hispanic,Female,Hispanic,,1993,15.9,0.94
Hispanic,Female,Hispanic,,1994,14.7,0.9
Hispanic,Female,Hispanic,,1995,14.4,0.89
Hispanic,Female,Hispanic,,1996,16.3,0.92
Hispanic,Female,Hispanic,,1997,13,0.82
Hispanic,Female,Hispanic,,1998,13,0.77
Hispanic,Female,Hispanic,,1999,11.5,0.73
Hispanic,Female,Hispanic,,2000,10.7,0.66
Hispanic,Female,Hispanic,,2001,10.4,0.63
Hispanic,Female,Hispanic,,2002,12.2,0.68
Hispanic,Female,Hispanic,,2003,11.9,0.69
Hispanic,Female,Hispanic,,2004,10.5,0.64
Hispanic,Female,Hispanic,,2005,10.3,0.64
Hispanic,Female,Hispanic,,2006,9,0.6
Hispanic,Female,Hispanic,,2007,9.7,0.6
Hispanic,Female,Hispanic,,2008,12.8,0.68
Hispanic,Female,Hispanic,,2009,17.6,0.76
Hispanic,Female,Hispanic,,2010,18.6,0.78
Hispanic,Female,Hispanic,,2011,18,0.76
Hispanic,Female,Hispanic,,2012,16.2,0.68
Hispanic,Female,Hispanic,,2013,14.4,0.64
Hispanic,Female,Hispanic,Ages 18-19,1980,19.5,2.17
Hispanic,Female,Hispanic,Ages 18-19,1981,23.3,2.32
Hispanic,Female,Hispanic,Ages 18-19,1982,25,2.28
Hispanic,Female,Hispanic,Ages 18-19,1983,25.9,2.38
Hispanic,Female,Hispanic,Ages 18-19,1984,20.9,2.11
Hispanic,Female,Hispanic,Ages 18-19,1985,23,2.29
Hispanic,Female,Hispanic,Ages 18-19,1986,23.8,2.43
Hispanic,Female,Hispanic,Ages 18-19,1987,19.9,2.11
Hispanic,Female,Hispanic,Ages 18-19,1988,18.7,2
Hispanic,Female,Hispanic,Ages 18-19,1989,15.1,1.82
Hispanic,Female,Hispanic,Ages 18-19,1990,16.4,1.78
Hispanic,Female,Hispanic,Ages 18-19,1991,17.9,1.84
Hispanic,Female,Hispanic,Ages 18-19,1992,22.4,1.95
Hispanic,Female,Hispanic,Ages 18-19,1993,21.9,1.95
Hispanic,Female,Hispanic,Ages 18-19,1994,18,1.78
Hispanic,Female,Hispanic,Ages 18-19,1995,18.5,1.7
Hispanic,Female,Hispanic,Ages 18-19,1996,23.5,1.97
Hispanic,Female,Hispanic,Ages 18-19,1997,19,1.74
Hispanic,Female,Hispanic,Ages 18-19,1998,20.3,1.58
Hispanic,Female,Hispanic,Ages 18-19,1999,17.9,1.52
Hispanic,Female,Hispanic,Ages 18-19,2000,15.5,1.38
Hispanic,Female,Hispanic,Ages 18-19,2001,17.1,1.41
Hispanic,Female,Hispanic,Ages 18-19,2002,16.9,1.45
Hispanic,Female,Hispanic,Ages 18-19,2003,14.4,1.47
Hispanic,Female,Hispanic,Ages 18-19,2004,15.6,1.48
Hispanic,Female,Hispanic,Ages 18-19,2005,13.9,1.36
Hispanic,Female,Hispanic,Ages 18-19,2006,12,1.3
Hispanic,Female,Hispanic,Ages 18-19,2007,13.6,1.3
Hispanic,Female,Hispanic,Ages 18-19,2008,18,1.43
Hispanic,Female,Hispanic,Ages 18-19,2009,23.7,1.59
Hispanic,Female,Hispanic,Ages 18-19,2010,27.1,1.75
Hispanic,Female,Hispanic,Ages 18-19,2011,24.9,1.73
Hispanic,Female,Hispanic,Ages 18-19,2012,25,1.58
Hispanic,Female,Hispanic,Ages 18-19,2013,23.8,1.55
Hispanic,Female,Hispanic,Ages 20-14,1980,12.1,1.19
Hispanic,Female,Hispanic,Ages 20-14,1981,13.4,1.18
Hispanic,Female,Hispanic,Ages 20-14,1982,16.9,1.29
Hispanic,Female,Hispanic,Ages 20-14,1983,16.2,1.27
Hispanic,Female,Hispanic,Ages 20-14,1984,12.1,1.11
Hispanic,Female,Hispanic,Ages 20-14,1985,12,1.08
Hispanic,Female,Hispanic,Ages 20-14,1986,12.9,1.12
Hispanic,Female,Hispanic,Ages 20-14,1987,11.4,1.03
Hispanic,Female,Hispanic,Ages 20-14,1988,10.7,0.97
Hispanic,Female,Hispanic,Ages 20-14,1989,12.2,1.04
Hispanic,Female,Hispanic,Ages 20-14,1990,10.4,0.91
Hispanic,Female,Hispanic,Ages 20-14,1991,11.7,0.98
Hispanic,Female,Hispanic,Ages 20-14,1992,12.5,0.97
Hispanic,Female,Hispanic,Ages 20-14,1993,14,1.03
Hispanic,Female,Hispanic,Ages 20-14,1994,13.5,1
Hispanic,Female,Hispanic,Ages 20-14,1995,12.9,0.99
Hispanic,Female,Hispanic,Ages 20-14,1996,14,0.99
Hispanic,Female,Hispanic,Ages 20-14,1997,11,0.88
Hispanic,Female,Hispanic,Ages 20-14,1998,10.1,0.82
Hispanic,Female,Hispanic,Ages 20-14,1999,9.1,0.77
Hispanic,Female,Hispanic,Ages 20-14,2000,9,0.71
Hispanic,Female,Hispanic,Ages 20-14,2001,8.2,0.66
Hispanic,Female,Hispanic,Ages 20-14,2002,10.8,0.73
Hispanic,Female,Hispanic,Ages 20-14,2003,11.3,0.75
Hispanic,Female,Hispanic,Ages 20-14,2004,9.2,0.68
Hispanic,Female,Hispanic,Ages 20-14,2005,9.3,0.7
Hispanic,Female,Hispanic,Ages 20-14,2006,8.1,0.65
Hispanic,Female,Hispanic,Ages 20-14,2007,8.5,0.65
Hispanic,Female,Hispanic,Ages 20-14,2008,11.1,0.73
Hispanic,Female,Hispanic,Ages 20-14,2009,15.7,0.84
Hispanic,Female,Hispanic,Ages 20-14,2010,16.2,0.83
Hispanic,Female,Hispanic,Ages 20-14,2011,16.3,0.81
Hispanic,Female,Hispanic,Ages 20-14,2012,13.9,0.71
Hispanic,Female,Hispanic,Ages 20-14,2013,12,0.66